2025-02-05 12:10:35,553 - INFO - Simulation Program Started
2025-02-05 12:10:36,400 - INFO - =====================================
2025-02-05 12:10:36,401 - INFO - Welcome to FEMM SimulatorManager
2025-02-05 12:10:36,401 - INFO - Loaded configuration file
2025-02-05 12:10:36,402 - INFO - Configuration saved to ../test_data\ouput_config.json
2025-02-05 12:10:37,689 - INFO - FEMM session opened
2025-02-05 12:10:37,689 - INFO - FEMM session initialized
2025-02-05 12:10:37,689 - INFO - AirModel created
2025-02-05 12:10:37,689 - INFO - CoilModels created
2025-02-05 12:10:37,689 - INFO - CoreModel created
2025-02-05 12:10:37,689 - INFO - ShellModel created
2025-02-05 12:10:37,689 - INFO - All models created
2025-02-05 12:10:37,805 - INFO - iteration 0/10
2025-02-05 12:10:37,805 - INFO - position: -5.0
2025-02-05 12:10:38,351 - INFO - Middle_Coil - current: 0, voltage: (0.0005157910339247687-0.8424633297567344j), flux: (-1.340822033044417e-05-8.209069265160643e-09j)
2025-02-05 12:10:38,352 - INFO - Upper_Coil - current: 0.02, voltage: (0.2326849089692314+1.738695314591983j), flux: (2.767219538507906e-05-1.495055691458882e-07j)
2025-02-05 12:10:38,352 - INFO - Lower_Coil - current: -0.02, voltage: (-0.227207558484137-1.772171034105947j), flux: (-2.820497800849956e-05+6.233082867093563e-08j)
2025-02-05 12:10:38,359 - INFO - iteration 1/10
2025-02-05 12:10:38,359 - INFO - position: -4.0
2025-02-05 12:10:38,822 - INFO - Middle_Coil - current: 0, voltage: (-7.163364516721404e-05-0.7285210563802244j), flux: (-1.159477272694421e-05+1.140084872005297e-09j)
2025-02-05 12:10:38,822 - INFO - Upper_Coil - current: 0.02, voltage: (0.2322191773322232+1.776873138348706j), flux: (2.827981432181642e-05-1.420932199274769e-07j)
2025-02-05 12:10:38,822 - INFO - Lower_Coil - current: -0.02, voltage: (-0.2276499187295685-1.667208025856874j), flux: (-2.653443984792007e-05+6.932026353373068e-08j)
2025-02-05 12:10:38,822 - INFO - iteration 2/10
2025-02-05 12:10:38,822 - INFO - position: -3.0
2025-02-05 12:10:39,266 - INFO - Middle_Coil - current: 0, voltage: (-0.0007669248470091216-0.6185898671413096j), flux: (-9.845163510209822e-06+1.220598803814973e-08j)
2025-02-05 12:10:39,267 - INFO - Upper_Coil - current: 0.02, voltage: (0.2315076316759076+1.799342993298468j), flux: (2.863743317039765e-05-1.307686190836544e-07j)
2025-02-05 12:10:39,268 - INFO - Lower_Coil - current: -0.02, voltage: (-0.2284217809774539-1.564303476478386j), flux: (-2.489666307784535e-05+8.157344938110866e-08j)
2025-02-05 12:10:39,271 - INFO - iteration 3/10
2025-02-05 12:10:39,272 - INFO - position: -2.0
2025-02-05 12:10:39,734 - INFO - Middle_Coil - current: 0, voltage: (-0.001422165220147679-0.5309926803911774j), flux: (-8.451010982987082e-06+2.263446246798766e-08j)
2025-02-05 12:10:39,734 - INFO - Upper_Coil - current: 0.02, voltage: (0.2306601970869696+1.829556888284546j), flux: (2.911830224410705e-05-1.172812787060017e-07j)
2025-02-05 12:10:39,737 - INFO - Lower_Coil - current: -0.02, voltage: (-0.2292422733958695-1.491315415594514j), flux: (-2.373502201018131e-05+9.461073019541749e-08j)
2025-02-05 12:10:39,738 - INFO - iteration 4/10
2025-02-05 12:10:39,738 - INFO - position: -1.0
2025-02-05 12:10:40,175 - INFO - Middle_Coil - current: 0, voltage: (-0.001945649093848461-0.4511260616041615j), flux: (-7.179894266188119e-06+3.096596708082494e-08j)
2025-02-05 12:10:40,175 - INFO - Upper_Coil - current: 0.02, voltage: (0.229715637934629+1.860875352627701j), flux: (2.961675108513311e-05-1.022481528922336e-07j)
2025-02-05 12:10:40,175 - INFO - Lower_Coil - current: -0.02, voltage: (-0.2300354085895368-1.419282404759034j), flux: (-2.258858103613825e-05+1.072185153710477e-07j)
2025-02-05 12:10:40,175 - INFO - iteration 5/10
2025-02-05 12:10:40,175 - INFO - position: 0.0
2025-02-05 12:10:41,210 - INFO - Middle_Coil - current: 0, voltage: (-0.002624165154371716-0.3786731622492371j), flux: (-6.026770558820538e-06+4.176488558077652e-08j)
2025-02-05 12:10:41,210 - INFO - Upper_Coil - current: 0.02, voltage: (0.2284944617669302+1.885728486001417j), flux: (3.001230098790799e-05-8.28125305447093e-08j)
2025-02-05 12:10:41,210 - INFO - Lower_Coil - current: -0.02, voltage: (-0.2309244413496706-1.35614984868096j), flux: (-2.158379519914165e-05+1.213563045382996e-07j)
2025-02-05 12:10:41,210 - INFO - iteration 6/10
2025-02-05 12:10:41,210 - INFO - position: 1.0
2025-02-05 12:10:41,726 - INFO - Middle_Coil - current: 0, voltage: (-0.003329578752024436-0.3127092079109224j), flux: (-4.976921618937453e-06+5.299189167984331e-08j)
2025-02-05 12:10:41,726 - INFO - Upper_Coil - current: 0.02, voltage: (0.2272262868572359+1.91160339724635j), flux: (3.042411299057753e-05-6.262889998640728e-08j)
2025-02-05 12:10:41,726 - INFO - Lower_Coil - current: -0.02, voltage: (-0.2318304188813271-1.290234238708239j), flux: (-2.053471568372591e-05+1.357663028201641e-07j)
2025-02-05 12:10:41,726 - INFO - iteration 7/10
2025-02-05 12:10:41,726 - INFO - position: 2.0
2025-02-05 12:10:42,176 - INFO - Middle_Coil - current: 0, voltage: (-0.004016990630021719-0.2479859893721111j), flux: (-3.94681960261057e-06+6.393239151217835e-08j)
2025-02-05 12:10:42,177 - INFO - Upper_Coil - current: 0.02, voltage: (0.2260291877686286+1.933901856454051j), flux: (3.07790039912014e-05-4.357647625414394e-08j)
2025-02-05 12:10:42,177 - INFO - Lower_Coil - current: -0.02, voltage: (-0.2327194227373726-1.239230879560549j), flux: (-1.972297201145529e-05+1.499079384848816e-07j)
2025-02-05 12:10:42,177 - INFO - iteration 8/10
2025-02-05 12:10:42,177 - INFO - position: 3.0
2025-02-05 12:10:42,687 - INFO - Middle_Coil - current: 0, voltage: (-0.004662507013518988-0.1915918846491688j), flux: (-3.049279549820743e-06+7.420610384021773e-08j)
2025-02-05 12:10:42,688 - INFO - Upper_Coil - current: 0.02, voltage: (0.2248925223348198+1.953135727442415j), flux: (3.108512055546037e-05-2.548588401090628e-08j)
2025-02-05 12:10:42,689 - INFO - Lower_Coil - current: -0.02, voltage: (-0.2334801803919218-1.188923336448054j), flux: (-1.892230259533447e-05+1.620097767711126e-07j)
2025-02-05 12:10:42,691 - INFO - iteration 9/10
2025-02-05 12:10:42,691 - INFO - position: 4.0
2025-02-05 12:10:43,113 - INFO - Middle_Coil - current: 0, voltage: (-0.005251344862204051-0.1408650334022155j), flux: (-2.241936637476755e-06+8.357774927000027e-08j)
2025-02-05 12:10:43,113 - INFO - Upper_Coil - current: 0.02, voltage: (0.2239617985794615+1.968909380871629j), flux: (3.133616604684815e-05-1.067295537907373e-08j)
2025-02-05 12:10:43,113 - INFO - Lower_Coil - current: -0.02, voltage: (-0.2340709695370969-1.143768890418556j), flux: (-1.820364726651375e-05+1.714074656309012e-07j)
2025-02-05 12:10:43,113 - INFO - iteration 10/10
2025-02-05 12:10:43,113 - INFO - position: 5.0
2025-02-05 12:10:43,614 - INFO - Middle_Coil - current: 0, voltage: (-0.00597776893513755-0.09280316500594361j), flux: (-1.477008244526873e-06+9.513914746883166e-08j)
2025-02-05 12:10:43,614 - INFO - Upper_Coil - current: 0.02, voltage: (0.2230486697174745+1.989327753759928j), flux: (3.16611345443548e-05+3.859941827437924e-09j)
2025-02-05 12:10:43,614 - INFO - Lower_Coil - current: -0.02, voltage: (-0.2348379402863657-1.10045512513491j), flux: (-1.751428728162939e-05+1.836099316113257e-07j)
2025-02-05 12:10:43,623 - INFO - LVDT simulation results saved to ../test_data\output_data.hdf5
2025-02-05 12:10:43,625 - INFO - Simulation completed
2025-02-05 12:10:43,625 - INFO - =====================================
2025-02-05 12:17:18,409 - INFO - Simulation Program Started
2025-02-05 12:17:19,377 - INFO - =====================================
2025-02-05 12:17:19,377 - INFO - Welcome to FEMM SimulatorManager
2025-02-05 12:17:19,378 - INFO - Loaded configuration file
2025-02-05 12:17:19,379 - INFO - Configuration saved to ../data\ouput_config.json
2025-02-05 12:17:20,807 - INFO - FEMM session opened
2025-02-05 12:17:20,807 - INFO - FEMM session initialized
2025-02-05 12:17:20,807 - INFO - AirModel created
2025-02-05 12:17:20,807 - INFO - CoilModels created
2025-02-05 12:17:20,807 - INFO - CoreModel created
2025-02-05 12:17:20,807 - INFO - ShellModel created
2025-02-05 12:17:20,807 - INFO - All models created
2025-02-05 12:17:20,918 - INFO - iteration 0/10
2025-02-05 12:17:20,918 - INFO - position: -5.0
2025-02-05 12:17:21,512 - INFO - Middle_Coil - current: 0, voltage: (0.0005157910339247687-0.8424633297567344j), flux: (-1.340822033044417e-05-8.209069265160643e-09j)
2025-02-05 12:17:21,512 - INFO - Upper_Coil - current: 0.02, voltage: (0.2326849089692314+1.738695314591983j), flux: (2.767219538507906e-05-1.495055691458882e-07j)
2025-02-05 12:17:21,514 - INFO - Lower_Coil - current: -0.02, voltage: (-0.227207558484137-1.772171034105947j), flux: (-2.820497800849956e-05+6.233082867093563e-08j)
2025-02-05 12:17:21,521 - INFO - iteration 1/10
2025-02-05 12:17:21,521 - INFO - position: -4.0
2025-02-05 12:17:22,030 - INFO - Middle_Coil - current: 0, voltage: (-7.163364516721404e-05-0.7285210563802244j), flux: (-1.159477272694421e-05+1.140084872005297e-09j)
2025-02-05 12:17:22,030 - INFO - Upper_Coil - current: 0.02, voltage: (0.2322191773322232+1.776873138348706j), flux: (2.827981432181642e-05-1.420932199274769e-07j)
2025-02-05 12:17:22,030 - INFO - Lower_Coil - current: -0.02, voltage: (-0.2276499187295685-1.667208025856874j), flux: (-2.653443984792007e-05+6.932026353373068e-08j)
2025-02-05 12:17:22,030 - INFO - iteration 2/10
2025-02-05 12:17:22,030 - INFO - position: -3.0
2025-02-05 12:17:22,492 - INFO - Middle_Coil - current: 0, voltage: (-0.0007669248470091216-0.6185898671413096j), flux: (-9.845163510209822e-06+1.220598803814973e-08j)
2025-02-05 12:17:22,492 - INFO - Upper_Coil - current: 0.02, voltage: (0.2315076316759076+1.799342993298468j), flux: (2.863743317039765e-05-1.307686190836544e-07j)
2025-02-05 12:17:22,492 - INFO - Lower_Coil - current: -0.02, voltage: (-0.2284217809774539-1.564303476478386j), flux: (-2.489666307784535e-05+8.157344938110866e-08j)
2025-02-05 12:17:22,492 - INFO - iteration 3/10
2025-02-05 12:17:22,492 - INFO - position: -2.0
2025-02-05 12:17:22,948 - INFO - Middle_Coil - current: 0, voltage: (-0.001422165220147679-0.5309926803911774j), flux: (-8.451010982987082e-06+2.263446246798766e-08j)
2025-02-05 12:17:22,948 - INFO - Upper_Coil - current: 0.02, voltage: (0.2306601970869696+1.829556888284546j), flux: (2.911830224410705e-05-1.172812787060017e-07j)
2025-02-05 12:17:22,948 - INFO - Lower_Coil - current: -0.02, voltage: (-0.2292422733958695-1.491315415594514j), flux: (-2.373502201018131e-05+9.461073019541749e-08j)
2025-02-05 12:17:22,960 - INFO - iteration 4/10
2025-02-05 12:17:22,960 - INFO - position: -1.0
2025-02-05 12:17:23,311 - INFO - Middle_Coil - current: 0, voltage: (-0.001945649093848461-0.4511260616041615j), flux: (-7.179894266188119e-06+3.096596708082494e-08j)
2025-02-05 12:17:23,311 - INFO - Upper_Coil - current: 0.02, voltage: (0.229715637934629+1.860875352627701j), flux: (2.961675108513311e-05-1.022481528922336e-07j)
2025-02-05 12:17:23,311 - INFO - Lower_Coil - current: -0.02, voltage: (-0.2300354085895368-1.419282404759034j), flux: (-2.258858103613825e-05+1.072185153710477e-07j)
2025-02-05 12:17:23,311 - INFO - iteration 5/10
2025-02-05 12:17:23,311 - INFO - position: 0.0
2025-02-05 12:17:24,363 - INFO - Middle_Coil - current: 0, voltage: (-0.002624165154371716-0.3786731622492371j), flux: (-6.026770558820538e-06+4.176488558077652e-08j)
2025-02-05 12:17:24,363 - INFO - Upper_Coil - current: 0.02, voltage: (0.2284944617669302+1.885728486001417j), flux: (3.001230098790799e-05-8.28125305447093e-08j)
2025-02-05 12:17:24,363 - INFO - Lower_Coil - current: -0.02, voltage: (-0.2309244413496706-1.35614984868096j), flux: (-2.158379519914165e-05+1.213563045382996e-07j)
2025-02-05 12:17:24,363 - INFO - iteration 6/10
2025-02-05 12:17:24,363 - INFO - position: 1.0
2025-02-05 12:17:24,832 - INFO - Middle_Coil - current: 0, voltage: (-0.003329578752024436-0.3127092079109224j), flux: (-4.976921618937453e-06+5.299189167984331e-08j)
2025-02-05 12:17:24,845 - INFO - Upper_Coil - current: 0.02, voltage: (0.2272262868572359+1.91160339724635j), flux: (3.042411299057753e-05-6.262889998640728e-08j)
2025-02-05 12:17:24,846 - INFO - Lower_Coil - current: -0.02, voltage: (-0.2318304188813271-1.290234238708239j), flux: (-2.053471568372591e-05+1.357663028201641e-07j)
2025-02-05 12:17:24,850 - INFO - iteration 7/10
2025-02-05 12:17:24,850 - INFO - position: 2.0
2025-02-05 12:17:25,220 - INFO - Middle_Coil - current: 0, voltage: (-0.004016990630021719-0.2479859893721111j), flux: (-3.94681960261057e-06+6.393239151217835e-08j)
2025-02-05 12:17:25,220 - INFO - Upper_Coil - current: 0.02, voltage: (0.2260291877686286+1.933901856454051j), flux: (3.07790039912014e-05-4.357647625414394e-08j)
2025-02-05 12:17:25,222 - INFO - Lower_Coil - current: -0.02, voltage: (-0.2327194227373726-1.239230879560549j), flux: (-1.972297201145529e-05+1.499079384848816e-07j)
2025-02-05 12:17:25,224 - INFO - iteration 8/10
2025-02-05 12:17:25,224 - INFO - position: 3.0
2025-02-05 12:17:25,678 - INFO - Middle_Coil - current: 0, voltage: (-0.004662507013518988-0.1915918846491688j), flux: (-3.049279549820743e-06+7.420610384021773e-08j)
2025-02-05 12:17:25,680 - INFO - Upper_Coil - current: 0.02, voltage: (0.2248925223348198+1.953135727442415j), flux: (3.108512055546037e-05-2.548588401090628e-08j)
2025-02-05 12:17:25,682 - INFO - Lower_Coil - current: -0.02, voltage: (-0.2334801803919218-1.188923336448054j), flux: (-1.892230259533447e-05+1.620097767711126e-07j)
2025-02-05 12:17:25,686 - INFO - iteration 9/10
2025-02-05 12:17:25,686 - INFO - position: 4.0
2025-02-05 12:17:26,204 - INFO - Middle_Coil - current: 0, voltage: (-0.005251344862204051-0.1408650334022155j), flux: (-2.241936637476755e-06+8.357774927000027e-08j)
2025-02-05 12:17:26,207 - INFO - Upper_Coil - current: 0.02, voltage: (0.2239617985794615+1.968909380871629j), flux: (3.133616604684815e-05-1.067295537907373e-08j)
2025-02-05 12:17:26,209 - INFO - Lower_Coil - current: -0.02, voltage: (-0.2340709695370969-1.143768890418556j), flux: (-1.820364726651375e-05+1.714074656309012e-07j)
2025-02-05 12:17:26,212 - INFO - iteration 10/10
2025-02-05 12:17:26,212 - INFO - position: 5.0
2025-02-05 12:17:26,665 - INFO - Middle_Coil - current: 0, voltage: (-0.00597776893513755-0.09280316500594361j), flux: (-1.477008244526873e-06+9.513914746883166e-08j)
2025-02-05 12:17:26,667 - INFO - Upper_Coil - current: 0.02, voltage: (0.2230486697174745+1.989327753759928j), flux: (3.16611345443548e-05+3.859941827437924e-09j)
2025-02-05 12:17:26,667 - INFO - Lower_Coil - current: -0.02, voltage: (-0.2348379402863657-1.10045512513491j), flux: (-1.751428728162939e-05+1.836099316113257e-07j)
2025-02-05 12:17:26,691 - INFO - LVDT simulation results saved to ../data\output_data.hdf5
2025-02-05 12:17:26,691 - INFO - Simulation completed
2025-02-05 12:17:26,691 - INFO - =====================================
2025-02-05 16:17:44,957 - INFO - Simulation Program Started
2025-02-05 16:17:44,961 - INFO - =====================================
2025-02-05 16:17:44,961 - INFO - Welcome to FEMM SimulatorManager
2025-02-05 16:17:44,961 - INFO - Loaded configuration file
2025-02-05 16:17:44,963 - INFO - Configuration saved to ../data\alucore_lvdt.json
2025-02-05 16:17:45,260 - INFO - FEMM session opened
2025-02-05 16:17:45,260 - INFO - FEMM session initialized
2025-02-05 16:17:45,260 - INFO - AirModel created
2025-02-05 16:17:45,260 - INFO - CoilModels created
2025-02-05 16:17:45,260 - INFO - CoreModel created
2025-02-05 16:17:45,260 - INFO - ShellModel created
2025-02-05 16:17:45,260 - INFO - All models created
2025-02-05 16:17:45,386 - INFO - iteration 0/10
2025-02-05 16:17:45,386 - INFO - position: -5.0
2025-02-05 16:17:46,785 - INFO - Middle_Coil - current: 0, voltage: (-0.006595940979214406+0.0379616033572965j), flux: (6.041776822007628e-07+1.049776611184369e-07j)
2025-02-05 16:17:46,787 - INFO - Upper_Coil - current: 0.02, voltage: (0.2228780433377045+2.033197802641132j), flux: (3.235934805766744e-05+6.575545003657676e-09j)
2025-02-05 16:17:46,790 - INFO - Lower_Coil - current: -0.02, voltage: (-0.2381564525067801-1.962401290058176j), flux: (-3.123258656454291e-05+2.36587889180228e-07j)
2025-02-05 16:17:46,793 - INFO - iteration 1/10
2025-02-05 16:17:46,793 - INFO - position: -4.0
2025-02-05 16:17:48,156 - INFO - Middle_Coil - current: 0, voltage: (-0.005325836046196007+0.03174857481667877j), flux: (5.05294261819729e-07+8.476331328490903e-08j)
2025-02-05 16:17:48,161 - INFO - Upper_Coil - current: 0.02, voltage: (0.2241571648038567+2.02993541592212j), flux: (3.230742556040671e-05-1.378230541164413e-08j)
2025-02-05 16:17:48,163 - INFO - Lower_Coil - current: -0.02, voltage: (-0.2370251160305851-1.970373295634967j), flux: (-3.135946497393304e-05+2.185821099315723e-07j)
2025-02-05 16:17:48,163 - INFO - iteration 2/10
2025-02-05 16:17:48,163 - INFO - position: -3.0
2025-02-05 16:17:49,528 - INFO - Middle_Coil - current: 0, voltage: (-0.004043044934043343+0.02566565238100756j), flux: (4.084815444115627e-07+6.434705863956439e-08j)
2025-02-05 16:17:49,528 - INFO - Upper_Coil - current: 0.02, voltage: (0.2255813802135636+2.023922460050883j), flux: (3.221172639545658e-05-3.644939765990341e-08j)
2025-02-05 16:17:49,532 - INFO - Lower_Coil - current: -0.02, voltage: (-0.2356994038614101-1.97626549563586j), flux: (-3.14532422495159e-05+1.97482745447455e-07j)
2025-02-05 16:17:49,535 - INFO - iteration 3/10
2025-02-05 16:17:49,535 - INFO - position: -2.0
2025-02-05 16:17:50,890 - INFO - Middle_Coil - current: 0, voltage: (-0.002667548298456401+0.01721468745839088j), flux: (2.739802602784965e-07+4.245534976357108e-08j)
2025-02-05 16:17:50,901 - INFO - Upper_Coil - current: 0.02, voltage: (0.227270501441+2.017898643216815j), flux: (3.211585437291426e-05-6.333259694268946e-08j)
2025-02-05 16:17:50,905 - INFO - Lower_Coil - current: -0.02, voltage: (-0.2342169330875779-1.984198944478414j), flux: (-3.157950700942178e-05+1.738884902829836e-07j)
2025-02-05 16:17:50,907 - INFO - iteration 4/10
2025-02-05 16:17:50,907 - INFO - position: -1.0
2025-02-05 16:17:52,322 - INFO - Middle_Coil - current: 0, voltage: (-0.001212724867710233+0.01174741224495638j), flux: (1.869658727323067e-07+1.930111573065485e-08j)
2025-02-05 16:17:52,322 - INFO - Upper_Coil - current: 0.02, voltage: (0.2290932512166866+2.012929362313338j), flux: (3.203676581097434e-05-9.234256062470472e-08j)
2025-02-05 16:17:52,322 - INFO - Lower_Coil - current: -0.02, voltage: (-0.2324300342931092-1.985411585148496j), flux: (-3.15988067851055e-05+1.454491126885237e-07j)
2025-02-05 16:17:52,322 - INFO - iteration 5/10
2025-02-05 16:17:52,322 - INFO - position: 0.0
2025-02-05 16:17:54,780 - INFO - Middle_Coil - current: 0, voltage: (8.353510854079844e-05+0.001294223338974964j), flux: (2.059820418627631e-08-1.329502544598608e-09j)
2025-02-05 16:17:54,789 - INFO - Upper_Coil - current: 0.02, voltage: (0.2308188215567644+1.999404436018296j), flux: (3.182150992349338e-05-1.198058655523242e-07j)
2025-02-05 16:17:54,789 - INFO - Lower_Coil - current: -0.02, voltage: (-0.2306971090449776-1.997997177099958j), flux: (-3.179911270218689e-05+1.178687507636317e-07j)
2025-02-05 16:17:54,794 - INFO - iteration 6/10
2025-02-05 16:17:54,794 - INFO - position: 1.0
2025-02-05 16:17:56,470 - INFO - Middle_Coil - current: 0, voltage: (0.001364626073605062-0.006933814985907835j), flux: (-1.103550929491893e-07-2.171869850863303e-08j)
2025-02-05 16:17:56,476 - INFO - Upper_Coil - current: 0.02, voltage: (0.2325591478705335+1.99242278572695j), flux: (3.171039350801269e-05-1.475040190952403e-07j)
2025-02-05 16:17:56,483 - INFO - Lower_Coil - current: -0.02, voltage: (-0.2289837364772528-2.004611431950098j), flux: (-3.190438183761374e-05+9.059957941248765e-08j)
2025-02-05 16:17:56,495 - INFO - iteration 7/10
2025-02-05 16:17:56,496 - INFO - position: 2.0
2025-02-05 16:17:57,813 - INFO - Middle_Coil - current: 0, voltage: (0.002829417472042587-0.01384753666414772j), flux: (-2.203903909745365e-07-4.503157767461523e-08j)
2025-02-05 16:17:57,816 - INFO - Upper_Coil - current: 0.02, voltage: (0.2343504825187049+1.984700103655058j), flux: (3.158748320544564e-05-1.760139954940786e-07j)
2025-02-05 16:17:57,818 - INFO - Lower_Coil - current: -0.02, voltage: (-0.2271511981709679-2.007804765975972j), flux: (-3.195520532713008e-05+6.143382642743846e-08j)
2025-02-05 16:17:57,821 - INFO - iteration 8/10
2025-02-05 16:17:57,821 - INFO - position: 3.0
2025-02-05 16:17:59,128 - INFO - Middle_Coil - current: 0, voltage: (0.004102476776805522-0.02203645850532092j), flux: (-3.507211299361264e-07-6.52929457948305e-08j)
2025-02-05 16:17:59,131 - INFO - Upper_Coil - current: 0.02, voltage: (0.2357906314901599+1.976656293360916j), flux: (3.145946198848507e-05-1.989346782536516e-07j)
2025-02-05 16:17:59,133 - INFO - Lower_Coil - current: -0.02, voltage: (-0.225573637887213-2.016887341313197j), flux: (-3.209975900322241e-05+3.632617470892506e-08j)
2025-02-05 16:17:59,135 - INFO - iteration 9/10
2025-02-05 16:17:59,135 - INFO - position: 4.0
2025-02-05 16:18:00,455 - INFO - Middle_Coil - current: 0, voltage: (0.005442621413038758-0.02733889433483823j), flux: (-4.351120172056518e-07-8.662201012629145e-08j)
2025-02-05 16:18:00,472 - INFO - Upper_Coil - current: 0.02, voltage: (0.2370904717874914+1.971984798601444j), flux: (3.138511284022557e-05-2.196222791086869e-07j)
2025-02-05 16:18:00,474 - INFO - Lower_Coil - current: -0.02, voltage: (-0.2240782531371458-2.020600386400634j), flux: (-3.215885395118112e-05+1.252638722918517e-08j)
2025-02-05 16:18:00,474 - INFO - iteration 10/10
2025-02-05 16:18:00,474 - INFO - position: 5.0
2025-02-05 16:18:01,839 - INFO - Middle_Coil - current: 0, voltage: (0.006643247828495464-0.03508406647214207j), flux: (-5.583802602806043e-07-1.057305730089553e-07j)
2025-02-05 16:18:01,842 - INFO - Upper_Coil - current: 0.02, voltage: (0.2381524407001114+1.96318679124317j), flux: (3.124508820418263e-05-2.365240392940206e-07j)
2025-02-05 16:18:01,845 - INFO - Lower_Coil - current: -0.02, voltage: (-0.2228520256916705-2.026214238815533j), flux: (-3.224820118734329e-05-6.989628701040554e-09j)
2025-02-05 16:18:01,868 - INFO - LVDT simulation results saved to ../data\alucore_lvdt.hdf5
2025-02-05 16:18:01,868 - INFO - Simulation completed
2025-02-05 16:18:01,868 - INFO - =====================================
2025-02-05 16:44:42,111 - INFO - Simulation Program Started
2025-02-05 16:44:42,112 - INFO - =====================================
2025-02-05 16:44:42,112 - INFO - Welcome to FEMM SimulatorManager
2025-02-05 16:44:42,112 - INFO - Loaded configuration file
2025-02-05 16:44:42,113 - INFO - Configuration saved to ../data\alucore_lvdt.json
2025-02-05 16:44:42,365 - INFO - FEMM session opened
2025-02-05 16:44:42,365 - INFO - FEMM session initialized
2025-02-05 16:44:42,366 - INFO - AirModel created
2025-02-05 16:44:42,366 - INFO - CoilModels created
2025-02-05 16:44:42,366 - INFO - CoreModel created
2025-02-05 16:44:42,366 - INFO - ShellModel created
2025-02-05 16:44:42,366 - INFO - All models created
2025-02-05 16:44:42,491 - INFO - iteration 0/10
2025-02-05 16:44:42,491 - INFO - position: -5.0
2025-02-05 16:44:43,801 - INFO - Middle_Coil - current: 0, voltage: (-0.006595940979214406+0.0379616033572965j), flux: (6.041776822007628e-07+1.049776611184369e-07j)
2025-02-05 16:44:43,804 - INFO - Upper_Coil - current: 0.02, voltage: (0.2228780433377045+2.033197802641132j), flux: (3.235934805766744e-05+6.575545003657676e-09j)
2025-02-05 16:44:43,806 - INFO - Lower_Coil - current: -0.02, voltage: (-0.2381564525067801-1.962401290058176j), flux: (-3.123258656454291e-05+2.36587889180228e-07j)
2025-02-05 16:44:43,809 - INFO - iteration 1/10
2025-02-05 16:44:43,809 - INFO - position: -4.0
2025-02-05 16:44:45,204 - INFO - Middle_Coil - current: 0, voltage: (-0.005325836046196007+0.03174857481667877j), flux: (5.05294261819729e-07+8.476331328490903e-08j)
2025-02-05 16:44:45,208 - INFO - Upper_Coil - current: 0.02, voltage: (0.2241571648038567+2.02993541592212j), flux: (3.230742556040671e-05-1.378230541164413e-08j)
2025-02-05 16:44:45,212 - INFO - Lower_Coil - current: -0.02, voltage: (-0.2370251160305851-1.970373295634967j), flux: (-3.135946497393304e-05+2.185821099315723e-07j)
2025-02-05 16:44:45,216 - INFO - iteration 2/10
2025-02-05 16:44:45,216 - INFO - position: -3.0
2025-02-05 16:44:46,657 - INFO - Middle_Coil - current: 0, voltage: (-0.004043044934043343+0.02566565238100756j), flux: (4.084815444115627e-07+6.434705863956439e-08j)
2025-02-05 16:44:46,660 - INFO - Upper_Coil - current: 0.02, voltage: (0.2255813802135636+2.023922460050883j), flux: (3.221172639545658e-05-3.644939765990341e-08j)
2025-02-05 16:44:46,663 - INFO - Lower_Coil - current: -0.02, voltage: (-0.2356994038614101-1.97626549563586j), flux: (-3.14532422495159e-05+1.97482745447455e-07j)
2025-02-05 16:44:46,665 - INFO - iteration 3/10
2025-02-05 16:44:46,666 - INFO - position: -2.0
2025-02-05 16:44:48,033 - INFO - Middle_Coil - current: 0, voltage: (-0.002667548298456401+0.01721468745839088j), flux: (2.739802602784965e-07+4.245534976357108e-08j)
2025-02-05 16:44:48,035 - INFO - Upper_Coil - current: 0.02, voltage: (0.227270501441+2.017898643216815j), flux: (3.211585437291426e-05-6.333259694268946e-08j)
2025-02-05 16:44:48,037 - INFO - Lower_Coil - current: -0.02, voltage: (-0.2342169330875779-1.984198944478414j), flux: (-3.157950700942178e-05+1.738884902829836e-07j)
2025-02-05 16:44:48,041 - INFO - iteration 4/10
2025-02-05 16:44:48,041 - INFO - position: -1.0
2025-02-05 16:44:49,421 - INFO - Middle_Coil - current: 0, voltage: (-0.001212724867710233+0.01174741224495638j), flux: (1.869658727323067e-07+1.930111573065485e-08j)
2025-02-05 16:44:49,423 - INFO - Upper_Coil - current: 0.02, voltage: (0.2290932512166866+2.012929362313338j), flux: (3.203676581097434e-05-9.234256062470472e-08j)
2025-02-05 16:44:49,425 - INFO - Lower_Coil - current: -0.02, voltage: (-0.2324300342931092-1.985411585148496j), flux: (-3.15988067851055e-05+1.454491126885237e-07j)
2025-02-05 16:44:49,430 - INFO - iteration 5/10
2025-02-05 16:44:49,430 - INFO - position: 0.0
2025-02-05 16:44:51,892 - INFO - Middle_Coil - current: 0, voltage: (8.353510854079844e-05+0.001294223338974964j), flux: (2.059820418627631e-08-1.329502544598608e-09j)
2025-02-05 16:44:51,894 - INFO - Upper_Coil - current: 0.02, voltage: (0.2308188215567644+1.999404436018296j), flux: (3.182150992349338e-05-1.198058655523242e-07j)
2025-02-05 16:44:51,897 - INFO - Lower_Coil - current: -0.02, voltage: (-0.2306971090449776-1.997997177099958j), flux: (-3.179911270218689e-05+1.178687507636317e-07j)
2025-02-05 16:44:51,900 - INFO - iteration 6/10
2025-02-05 16:44:51,900 - INFO - position: 1.0
2025-02-05 16:44:53,390 - INFO - Middle_Coil - current: 0, voltage: (0.001364626073605062-0.006933814985907835j), flux: (-1.103550929491893e-07-2.171869850863303e-08j)
2025-02-05 16:44:53,392 - INFO - Upper_Coil - current: 0.02, voltage: (0.2325591478705335+1.99242278572695j), flux: (3.171039350801269e-05-1.475040190952403e-07j)
2025-02-05 16:44:53,393 - INFO - Lower_Coil - current: -0.02, voltage: (-0.2289837364772528-2.004611431950098j), flux: (-3.190438183761374e-05+9.059957941248765e-08j)
2025-02-05 16:44:53,396 - INFO - iteration 7/10
2025-02-05 16:44:53,397 - INFO - position: 2.0
2025-02-05 16:44:54,759 - INFO - Middle_Coil - current: 0, voltage: (0.002829417472042587-0.01384753666414772j), flux: (-2.203903909745365e-07-4.503157767461523e-08j)
2025-02-05 16:44:54,762 - INFO - Upper_Coil - current: 0.02, voltage: (0.2343504825187049+1.984700103655058j), flux: (3.158748320544564e-05-1.760139954940786e-07j)
2025-02-05 16:44:54,764 - INFO - Lower_Coil - current: -0.02, voltage: (-0.2271511981709679-2.007804765975972j), flux: (-3.195520532713008e-05+6.143382642743846e-08j)
2025-02-05 16:44:54,766 - INFO - iteration 8/10
2025-02-05 16:44:54,766 - INFO - position: 3.0
2025-02-05 16:44:56,298 - INFO - Middle_Coil - current: 0, voltage: (0.004102476776805522-0.02203645850532092j), flux: (-3.507211299361264e-07-6.52929457948305e-08j)
2025-02-05 16:44:56,301 - INFO - Upper_Coil - current: 0.02, voltage: (0.2357906314901599+1.976656293360916j), flux: (3.145946198848507e-05-1.989346782536516e-07j)
2025-02-05 16:44:56,303 - INFO - Lower_Coil - current: -0.02, voltage: (-0.225573637887213-2.016887341313197j), flux: (-3.209975900322241e-05+3.632617470892506e-08j)
2025-02-05 16:44:56,305 - INFO - iteration 9/10
2025-02-05 16:44:56,305 - INFO - position: 4.0
2025-02-05 16:44:57,775 - INFO - Middle_Coil - current: 0, voltage: (0.005442621413038758-0.02733889433483823j), flux: (-4.351120172056518e-07-8.662201012629145e-08j)
2025-02-05 16:44:57,777 - INFO - Upper_Coil - current: 0.02, voltage: (0.2370904717874914+1.971984798601444j), flux: (3.138511284022557e-05-2.196222791086869e-07j)
2025-02-05 16:44:57,780 - INFO - Lower_Coil - current: -0.02, voltage: (-0.2240782531371458-2.020600386400634j), flux: (-3.215885395118112e-05+1.252638722918517e-08j)
2025-02-05 16:44:57,782 - INFO - iteration 10/10
2025-02-05 16:44:57,782 - INFO - position: 5.0
2025-02-05 16:44:59,231 - INFO - Middle_Coil - current: 0, voltage: (0.006643247828495464-0.03508406647214207j), flux: (-5.583802602806043e-07-1.057305730089553e-07j)
2025-02-05 16:44:59,234 - INFO - Upper_Coil - current: 0.02, voltage: (0.2381524407001114+1.96318679124317j), flux: (3.124508820418263e-05-2.365240392940206e-07j)
2025-02-05 16:44:59,236 - INFO - Lower_Coil - current: -0.02, voltage: (-0.2228520256916705-2.026214238815533j), flux: (-3.224820118734329e-05-6.989628701040554e-09j)
2025-02-05 16:44:59,244 - INFO - LVDT simulation results saved to ../data\alucore_lvdt.hdf5
2025-02-05 16:44:59,244 - INFO - Simulation completed
2025-02-05 16:44:59,244 - INFO - =====================================
2025-02-08 23:07:21,768 - INFO - Simulation Program Started
2025-02-08 23:07:21,769 - INFO - =====================================
2025-02-08 23:07:21,769 - INFO - Welcome to FEMM SimulatorManager
2025-02-08 23:07:21,776 - INFO - Loaded configuration file
2025-02-08 23:07:21,777 - INFO - Configuration saved to ../data\alucore_lvdt.json
2025-02-08 23:07:41,322 - INFO - FEMM session opened
2025-02-08 23:07:41,323 - INFO - FEMM session initialized
2025-02-08 23:08:30,018 - INFO - AirModel created
2025-02-08 23:08:30,019 - INFO - CoilModels created
2025-02-08 23:08:30,019 - INFO - CoreModel created
2025-02-08 23:08:30,019 - INFO - ShellModel created
2025-02-08 23:08:30,019 - INFO - All models created
2025-02-08 23:10:55,972 - INFO - iteration 0/10
2025-02-08 23:10:55,972 - INFO - position: -5.0
2025-02-08 23:10:56,684 - INFO - Middle_Coil - current: 0, voltage: (-0.006595940979214406+0.0379616033572965j), flux: (6.041776822007628e-07+1.049776611184369e-07j)
2025-02-08 23:10:56,686 - INFO - Upper_Coil - current: 0.02, voltage: (0.2228780433377045+2.033197802641132j), flux: (3.235934805766744e-05+6.575545003657676e-09j)
2025-02-08 23:10:56,688 - INFO - Lower_Coil - current: -0.02, voltage: (-0.2381564525067801-1.962401290058176j), flux: (-3.123258656454291e-05+2.36587889180228e-07j)
2025-02-08 23:10:56,689 - INFO - iteration 1/10
2025-02-08 23:10:56,689 - INFO - position: -4.0
2025-02-08 23:10:57,376 - INFO - Middle_Coil - current: 0, voltage: (-0.005325836046196007+0.03174857481667877j), flux: (5.05294261819729e-07+8.476331328490903e-08j)
2025-02-08 23:10:57,378 - INFO - Upper_Coil - current: 0.02, voltage: (0.2241571648038567+2.02993541592212j), flux: (3.230742556040671e-05-1.378230541164413e-08j)
2025-02-08 23:10:57,380 - INFO - Lower_Coil - current: -0.02, voltage: (-0.2370251160305851-1.970373295634967j), flux: (-3.135946497393304e-05+2.185821099315723e-07j)
2025-02-08 23:10:57,381 - INFO - iteration 2/10
2025-02-08 23:10:57,381 - INFO - position: -3.0
2025-02-08 23:10:58,113 - INFO - Middle_Coil - current: 0, voltage: (-0.004043044934043343+0.02566565238100756j), flux: (4.084815444115627e-07+6.434705863956439e-08j)
2025-02-08 23:10:58,116 - INFO - Upper_Coil - current: 0.02, voltage: (0.2255813802135636+2.023922460050883j), flux: (3.221172639545658e-05-3.644939765990341e-08j)
2025-02-08 23:10:58,117 - INFO - Lower_Coil - current: -0.02, voltage: (-0.2356994038614101-1.97626549563586j), flux: (-3.14532422495159e-05+1.97482745447455e-07j)
2025-02-08 23:10:58,119 - INFO - iteration 3/10
2025-02-08 23:10:58,119 - INFO - position: -2.0
2025-02-08 23:10:58,825 - INFO - Middle_Coil - current: 0, voltage: (-0.002667548298456401+0.01721468745839088j), flux: (2.739802602784965e-07+4.245534976357108e-08j)
2025-02-08 23:10:58,827 - INFO - Upper_Coil - current: 0.02, voltage: (0.227270501441+2.017898643216815j), flux: (3.211585437291426e-05-6.333259694268946e-08j)
2025-02-08 23:10:58,828 - INFO - Lower_Coil - current: -0.02, voltage: (-0.2342169330875779-1.984198944478414j), flux: (-3.157950700942178e-05+1.738884902829836e-07j)
2025-02-08 23:10:58,830 - INFO - iteration 4/10
2025-02-08 23:10:58,830 - INFO - position: -1.0
2025-02-08 23:10:59,492 - INFO - Middle_Coil - current: 0, voltage: (-0.001212724867710233+0.01174741224495638j), flux: (1.869658727323067e-07+1.930111573065485e-08j)
2025-02-08 23:10:59,494 - INFO - Upper_Coil - current: 0.02, voltage: (0.2290932512166866+2.012929362313338j), flux: (3.203676581097434e-05-9.234256062470472e-08j)
2025-02-08 23:10:59,495 - INFO - Lower_Coil - current: -0.02, voltage: (-0.2324300342931092-1.985411585148496j), flux: (-3.15988067851055e-05+1.454491126885237e-07j)
2025-02-08 23:10:59,496 - INFO - iteration 5/10
2025-02-08 23:10:59,496 - INFO - position: 0.0
2025-02-08 23:11:00,718 - INFO - Middle_Coil - current: 0, voltage: (8.353510854079844e-05+0.001294223338974964j), flux: (2.059820418627631e-08-1.329502544598608e-09j)
2025-02-08 23:11:00,719 - INFO - Upper_Coil - current: 0.02, voltage: (0.2308188215567644+1.999404436018296j), flux: (3.182150992349338e-05-1.198058655523242e-07j)
2025-02-08 23:11:00,720 - INFO - Lower_Coil - current: -0.02, voltage: (-0.2306971090449776-1.997997177099958j), flux: (-3.179911270218689e-05+1.178687507636317e-07j)
2025-02-08 23:11:00,722 - INFO - iteration 6/10
2025-02-08 23:11:00,722 - INFO - position: 1.0
2025-02-08 23:11:01,546 - INFO - Middle_Coil - current: 0, voltage: (0.001364626073605062-0.006933814985907835j), flux: (-1.103550929491893e-07-2.171869850863303e-08j)
2025-02-08 23:11:01,547 - INFO - Upper_Coil - current: 0.02, voltage: (0.2325591478705335+1.99242278572695j), flux: (3.171039350801269e-05-1.475040190952403e-07j)
2025-02-08 23:11:01,548 - INFO - Lower_Coil - current: -0.02, voltage: (-0.2289837364772528-2.004611431950098j), flux: (-3.190438183761374e-05+9.059957941248765e-08j)
2025-02-08 23:11:01,550 - INFO - iteration 7/10
2025-02-08 23:11:01,550 - INFO - position: 2.0
2025-02-08 23:11:02,250 - INFO - Middle_Coil - current: 0, voltage: (0.002829417472042587-0.01384753666414772j), flux: (-2.203903909745365e-07-4.503157767461523e-08j)
2025-02-08 23:11:02,252 - INFO - Upper_Coil - current: 0.02, voltage: (0.2343504825187049+1.984700103655058j), flux: (3.158748320544564e-05-1.760139954940786e-07j)
2025-02-08 23:11:02,253 - INFO - Lower_Coil - current: -0.02, voltage: (-0.2271511981709679-2.007804765975972j), flux: (-3.195520532713008e-05+6.143382642743846e-08j)
2025-02-08 23:11:02,254 - INFO - iteration 8/10
2025-02-08 23:11:02,254 - INFO - position: 3.0
2025-02-08 23:11:02,946 - INFO - Middle_Coil - current: 0, voltage: (0.004102476776805522-0.02203645850532092j), flux: (-3.507211299361264e-07-6.52929457948305e-08j)
2025-02-08 23:11:02,947 - INFO - Upper_Coil - current: 0.02, voltage: (0.2357906314901599+1.976656293360916j), flux: (3.145946198848507e-05-1.989346782536516e-07j)
2025-02-08 23:11:02,949 - INFO - Lower_Coil - current: -0.02, voltage: (-0.225573637887213-2.016887341313197j), flux: (-3.209975900322241e-05+3.632617470892506e-08j)
2025-02-08 23:11:02,950 - INFO - iteration 9/10
2025-02-08 23:11:02,950 - INFO - position: 4.0
2025-02-08 23:11:03,621 - INFO - Middle_Coil - current: 0, voltage: (0.005442621413038758-0.02733889433483823j), flux: (-4.351120172056518e-07-8.662201012629145e-08j)
2025-02-08 23:11:03,623 - INFO - Upper_Coil - current: 0.02, voltage: (0.2370904717874914+1.971984798601444j), flux: (3.138511284022557e-05-2.196222791086869e-07j)
2025-02-08 23:11:03,624 - INFO - Lower_Coil - current: -0.02, voltage: (-0.2240782531371458-2.020600386400634j), flux: (-3.215885395118112e-05+1.252638722918517e-08j)
2025-02-08 23:11:03,626 - INFO - iteration 10/10
2025-02-08 23:11:03,626 - INFO - position: 5.0
2025-02-08 23:11:04,297 - INFO - Middle_Coil - current: 0, voltage: (0.006643247828495464-0.03508406647214207j), flux: (-5.583802602806043e-07-1.057305730089553e-07j)
2025-02-08 23:11:04,298 - INFO - Upper_Coil - current: 0.02, voltage: (0.2381524407001114+1.96318679124317j), flux: (3.124508820418263e-05-2.365240392940206e-07j)
2025-02-08 23:11:04,300 - INFO - Lower_Coil - current: -0.02, voltage: (-0.2228520256916705-2.026214238815533j), flux: (-3.224820118734329e-05-6.989628701040554e-09j)
2025-02-08 23:11:04,658 - INFO - LVDT simulation results saved to ../data\alucore_lvdt.hdf5
2025-02-09 12:14:14,192 - INFO - Simulation Program Started
2025-02-09 12:14:14,193 - INFO - =====================================
2025-02-09 12:14:14,193 - INFO - Welcome to FEMM SimulatorManager
2025-02-09 12:14:14,193 - INFO - Loaded configuration file
2025-02-09 12:14:14,194 - INFO - Configuration saved to ../data\alucore_lvdt.json
2025-02-09 12:15:32,036 - INFO - Simulation Program Started
2025-02-09 12:15:32,036 - INFO - =====================================
2025-02-09 12:15:32,036 - INFO - Welcome to FEMM SimulatorManager
2025-02-09 12:15:32,037 - INFO - Loaded configuration file
2025-02-09 12:15:32,037 - INFO - Configuration saved to ../data\alucore_lvdt.json
2025-02-09 12:15:54,191 - INFO - Loaded configuration file
2025-02-09 12:15:54,196 - INFO - Configuration saved to ../data\alucore_lvdt.json
2025-02-09 12:17:21,256 - INFO - Simulation Program Started
2025-02-09 12:17:21,256 - INFO - =====================================
2025-02-09 12:17:21,256 - INFO - Welcome to FEMM SimulatorManager
2025-02-09 12:17:21,257 - INFO - Loaded configuration file
2025-02-09 12:17:21,261 - INFO - Configuration saved to ../data\alucore_lvdt.json
2025-02-09 12:18:06,398 - INFO - Simulation Program Started
2025-02-09 12:18:06,399 - INFO - =====================================
2025-02-09 12:18:06,399 - INFO - Welcome to FEMM SimulatorManager
2025-02-09 12:18:06,400 - INFO - Loaded configuration file
2025-02-09 12:18:06,400 - INFO - Configuration saved to ../data\alucore_lvdt.json
2025-02-09 12:18:07,429 - INFO - Loaded configuration file
2025-02-09 12:18:07,430 - INFO - Configuration saved to ../data\alucore_lvdt.json
2025-02-09 12:19:03,254 - INFO - Simulation Program Started
2025-02-09 12:19:03,254 - INFO - =====================================
2025-02-09 12:19:03,254 - INFO - Welcome to FEMM SimulatorManager
2025-02-09 12:19:03,254 - INFO - Loaded configuration file
2025-02-09 12:19:03,255 - INFO - Configuration saved to ../data\alucore_lvdt.json
2025-02-09 12:19:38,922 - INFO - FEMM session opened
2025-02-09 12:19:38,922 - INFO - FEMM session initialized
2025-02-09 12:19:54,061 - INFO - AirModel created
2025-02-09 12:19:54,061 - INFO - CoilModels created
2025-02-09 12:19:54,061 - INFO - CoreModel created
2025-02-09 12:19:54,061 - INFO - ShellModel created
2025-02-09 12:19:54,061 - INFO - All models created
2025-02-09 12:26:42,733 - INFO - =====================================
2025-02-09 12:26:42,734 - INFO - Welcome to FEMM SimulatorManager
2025-02-09 12:26:42,734 - INFO - Loaded configuration file
2025-02-09 12:26:42,738 - INFO - Configuration saved to ../data\alucore_lvdt.json
2025-02-09 14:17:10,330 - INFO - Simulation Program Started
2025-02-09 14:17:10,330 - INFO - =====================================
2025-02-09 14:17:10,330 - INFO - Welcome to FEMM SimulatorManager
2025-02-09 14:17:10,330 - INFO - Loaded configuration file
2025-02-09 14:17:10,331 - INFO - Configuration saved to ../data\alucore_vc.json
2025-02-09 14:17:12,300 - INFO - FEMM session opened
2025-02-09 14:17:12,300 - INFO - FEMM session initialized
2025-02-09 14:17:12,300 - INFO - AirModel created
2025-02-09 14:17:12,300 - INFO - CoilModels created
2025-02-09 14:17:12,300 - INFO - CoreModel created
2025-02-09 14:17:12,300 - INFO - ShellModel created
2025-02-09 14:17:12,300 - INFO - All models created
2025-02-09 14:17:12,367 - INFO - iteration 0/10
2025-02-09 14:17:12,367 - INFO - position: -5.0
2025-02-09 14:17:12,953 - INFO - Middle_Coil - force: 1.021308483527577e-10
2025-02-09 14:17:13,055 - INFO - Upper_Coil - force: 0.0001019886227610072
2025-02-09 14:17:13,161 - INFO - Lower_Coil - force: 0
2025-02-09 14:17:13,292 - INFO - core_4 - force: 0
2025-02-09 14:17:13,446 - INFO - shell_5 - force: 4.800000000000009e-05
2025-02-09 14:17:13,488 - INFO - iteration 1/10
2025-02-09 14:17:13,488 - INFO - position: -4.0
2025-02-09 14:17:14,097 - INFO - Middle_Coil - force: 1.062221572774019e-10
2025-02-09 14:17:14,201 - INFO - Upper_Coil - force: 0.000101687665477086
2025-02-09 14:17:14,305 - INFO - Lower_Coil - force: 0
2025-02-09 14:17:14,437 - INFO - core_4 - force: 0
2025-02-09 14:17:14,590 - INFO - shell_5 - force: 4.800000000000021e-05
2025-02-09 14:17:14,633 - INFO - iteration 2/10
2025-02-09 14:17:14,633 - INFO - position: -3.0
2025-02-09 14:17:15,241 - INFO - Middle_Coil - force: 1.095245699081088e-10
2025-02-09 14:17:15,346 - INFO - Upper_Coil - force: 0.0001013400458845815
2025-02-09 14:17:15,448 - INFO - Lower_Coil - force: 0
2025-02-09 14:17:15,576 - INFO - core_4 - force: 0
2025-02-09 14:17:15,727 - INFO - shell_5 - force: 4.799999999999995e-05
2025-02-09 14:17:15,770 - INFO - iteration 3/10
2025-02-09 14:17:15,770 - INFO - position: -2.0
2025-02-09 14:17:16,374 - INFO - Middle_Coil - force: 1.12203464921529e-10
2025-02-09 14:17:16,479 - INFO - Upper_Coil - force: 0.0001007477713226011
2025-02-09 14:17:16,582 - INFO - Lower_Coil - force: 0
2025-02-09 14:17:16,711 - INFO - core_4 - force: 0
2025-02-09 14:17:16,863 - INFO - shell_5 - force: 4.799999999999992e-05
2025-02-09 14:17:16,908 - INFO - iteration 4/10
2025-02-09 14:17:16,908 - INFO - position: -1.0
2025-02-09 14:17:17,507 - INFO - Middle_Coil - force: 1.136715623583483e-10
2025-02-09 14:17:17,612 - INFO - Upper_Coil - force: 0.0001000400447080278
2025-02-09 14:17:17,717 - INFO - Lower_Coil - force: 0
2025-02-09 14:17:17,846 - INFO - core_4 - force: 0
2025-02-09 14:17:17,999 - INFO - shell_5 - force: 4.800000000000002e-05
2025-02-09 14:17:18,043 - INFO - iteration 5/10
2025-02-09 14:17:18,044 - INFO - position: 0.0
2025-02-09 14:17:19,430 - INFO - Middle_Coil - force: 1.140724582362292e-10
2025-02-09 14:17:19,905 - INFO - Upper_Coil - force: 9.938118445679488e-05
2025-02-09 14:17:20,378 - INFO - Lower_Coil - force: 0
2025-02-09 14:17:20,848 - INFO - core_4 - force: 0
2025-02-09 14:17:21,328 - INFO - shell_5 - force: 4.799999999999993e-05
2025-02-09 14:17:21,560 - INFO - iteration 6/10
2025-02-09 14:17:21,560 - INFO - position: 1.0
2025-02-09 14:17:22,296 - INFO - Middle_Coil - force: 1.135671455380438e-10
2025-02-09 14:17:22,401 - INFO - Upper_Coil - force: 9.845339750320036e-05
2025-02-09 14:17:22,501 - INFO - Lower_Coil - force: 0
2025-02-09 14:17:22,627 - INFO - core_4 - force: 0
2025-02-09 14:17:22,777 - INFO - shell_5 - force: 4.800000000000003e-05
2025-02-09 14:17:22,819 - INFO - iteration 7/10
2025-02-09 14:17:22,819 - INFO - position: 2.0
2025-02-09 14:17:23,428 - INFO - Middle_Coil - force: 1.120543043046366e-10
2025-02-09 14:17:23,529 - INFO - Upper_Coil - force: 9.741894526299034e-05
2025-02-09 14:17:23,629 - INFO - Lower_Coil - force: 0
2025-02-09 14:17:23,753 - INFO - core_4 - force: 0
2025-02-09 14:17:23,902 - INFO - shell_5 - force: 4.799999999999985e-05
2025-02-09 14:17:23,944 - INFO - iteration 8/10
2025-02-09 14:17:23,944 - INFO - position: 3.0
2025-02-09 14:17:24,565 - INFO - Middle_Coil - force: 1.096079140582058e-10
2025-02-09 14:17:24,667 - INFO - Upper_Coil - force: 9.654999389972206e-05
2025-02-09 14:17:24,769 - INFO - Lower_Coil - force: 0
2025-02-09 14:17:24,893 - INFO - core_4 - force: 0
2025-02-09 14:17:25,044 - INFO - shell_5 - force: 4.799999999999996e-05
2025-02-09 14:17:25,086 - INFO - iteration 9/10
2025-02-09 14:17:25,086 - INFO - position: 4.0
2025-02-09 14:17:25,687 - INFO - Middle_Coil - force: 1.063286032077841e-10
2025-02-09 14:17:25,784 - INFO - Upper_Coil - force: 9.585792133473692e-05
2025-02-09 14:17:25,879 - INFO - Lower_Coil - force: 0
2025-02-09 14:17:25,998 - INFO - core_4 - force: 0
2025-02-09 14:17:26,141 - INFO - shell_5 - force: 4.800000000000001e-05
2025-02-09 14:17:26,181 - INFO - iteration 10/10
2025-02-09 14:17:26,181 - INFO - position: 5.0
2025-02-09 14:17:26,780 - INFO - Middle_Coil - force: 1.021332822314902e-10
2025-02-09 14:17:26,877 - INFO - Upper_Coil - force: 9.546563063095763e-05
2025-02-09 14:17:26,974 - INFO - Lower_Coil - force: 0
2025-02-09 14:17:27,096 - INFO - core_4 - force: 0
2025-02-09 14:17:27,241 - INFO - shell_5 - force: 4.800000000000016e-05
2025-02-09 14:17:27,290 - INFO - Voice Coil simulation results saved to ../data\alucore_vc.hdf5
2025-02-09 14:17:27,290 - INFO - Simulation completed
2025-02-09 14:17:27,290 - INFO - =====================================
2025-02-09 14:28:13,289 - INFO - Simulation Program Started
2025-02-09 14:28:13,290 - INFO - =====================================
2025-02-09 14:28:13,290 - INFO - Welcome to FEMM SimulatorManager
2025-02-09 14:28:13,290 - INFO - Loaded configuration file
2025-02-09 14:28:13,291 - INFO - Configuration saved to ../data\alucore_vc.json
2025-02-09 14:28:14,798 - INFO - FEMM session opened
2025-02-09 14:28:14,798 - INFO - FEMM session initialized
2025-02-09 14:28:14,798 - INFO - AirModel created
2025-02-09 14:28:14,798 - INFO - CoilModels created
2025-02-09 14:28:14,798 - INFO - CoreModel created
2025-02-09 14:28:14,798 - INFO - ShellModel created
2025-02-09 14:28:14,798 - INFO - All models created
2025-02-09 14:28:14,870 - INFO - iteration 0/10
2025-02-09 14:28:14,870 - INFO - position: -5.0
2025-02-09 14:28:15,503 - INFO - Middle_Coil - force: -4.898245587446233e-05
2025-02-09 14:28:15,621 - INFO - Upper_Coil - force: -0.05804189546747634
2025-02-09 14:28:15,742 - INFO - Lower_Coil - force: -0.07889238793359428
2025-02-09 14:28:15,880 - INFO - core_4 - force: -0.07889238793359428
2025-02-09 14:28:16,038 - INFO - shell_5 - force: -0.07889238793359428
2025-02-09 14:28:16,080 - INFO - iteration 1/10
2025-02-09 14:28:16,081 - INFO - position: -4.0
2025-02-09 14:28:16,716 - INFO - Middle_Coil - force: -5.444426613351596e-05
2025-02-09 14:28:16,835 - INFO - Upper_Coil - force: -0.0625744398398161
2025-02-09 14:28:16,955 - INFO - Lower_Coil - force: -0.09319635879879826
2025-02-09 14:28:17,093 - INFO - core_4 - force: -0.09319635879879826
2025-02-09 14:28:17,250 - INFO - shell_5 - force: -0.09319635879879826
2025-02-09 14:28:17,293 - INFO - iteration 2/10
2025-02-09 14:28:17,293 - INFO - position: -3.0
2025-02-09 14:28:17,927 - INFO - Middle_Coil - force: -6.241659261497208e-05
2025-02-09 14:28:18,046 - INFO - Upper_Coil - force: -0.06624201927722384
2025-02-09 14:28:18,164 - INFO - Lower_Coil - force: -0.1047003723902949
2025-02-09 14:28:18,298 - INFO - core_4 - force: -0.1047003723902949
2025-02-09 14:28:18,456 - INFO - shell_5 - force: -0.1047003723902949
2025-02-09 14:28:18,499 - INFO - iteration 3/10
2025-02-09 14:28:18,500 - INFO - position: -2.0
2025-02-09 14:28:19,115 - INFO - Middle_Coil - force: -6.736250715358041e-05
2025-02-09 14:28:19,233 - INFO - Upper_Coil - force: -0.06870980249787566
2025-02-09 14:28:19,351 - INFO - Lower_Coil - force: -0.1132188729551527
2025-02-09 14:28:19,485 - INFO - core_4 - force: -0.1132188729551527
2025-02-09 14:28:19,641 - INFO - shell_5 - force: -0.1132188729551527
2025-02-09 14:28:19,686 - INFO - iteration 4/10
2025-02-09 14:28:19,686 - INFO - position: -1.0
2025-02-09 14:28:20,332 - INFO - Middle_Coil - force: -7.421706408687606e-05
2025-02-09 14:28:20,453 - INFO - Upper_Coil - force: -0.069425051135923
2025-02-09 14:28:20,574 - INFO - Lower_Coil - force: -0.1187158242640207
2025-02-09 14:28:20,712 - INFO - core_4 - force: -0.1187158242640207
2025-02-09 14:28:20,869 - INFO - shell_5 - force: -0.1187158242640207
2025-02-09 14:28:20,914 - INFO - iteration 5/10
2025-02-09 14:28:20,914 - INFO - position: 0.0
2025-02-09 14:28:22,301 - INFO - Middle_Coil - force: -7.946522760038671e-05
2025-02-09 14:28:22,784 - INFO - Upper_Coil - force: -0.0690887815395404
2025-02-09 14:28:23,272 - INFO - Lower_Coil - force: -0.1227832604692312
2025-02-09 14:28:23,744 - INFO - core_4 - force: -0.1227832604692312
2025-02-09 14:28:24,228 - INFO - shell_5 - force: -0.1227832604692312
2025-02-09 14:28:24,455 - INFO - iteration 6/10
2025-02-09 14:28:24,455 - INFO - position: 1.0
2025-02-09 14:28:25,206 - INFO - Middle_Coil - force: -8.246971047155641e-05
2025-02-09 14:28:25,320 - INFO - Upper_Coil - force: -0.06544944539391052
2025-02-09 14:28:25,434 - INFO - Lower_Coil - force: -0.1238427696516999
2025-02-09 14:28:25,565 - INFO - core_4 - force: -0.1238427696516999
2025-02-09 14:28:25,719 - INFO - shell_5 - force: -0.1238427696516999
2025-02-09 14:28:25,759 - INFO - iteration 7/10
2025-02-09 14:28:25,759 - INFO - position: 2.0
2025-02-09 14:28:26,405 - INFO - Middle_Coil - force: -8.294907949963265e-05
2025-02-09 14:28:26,522 - INFO - Upper_Coil - force: -0.05864037851053909
2025-02-09 14:28:26,640 - INFO - Lower_Coil - force: -0.1226011059068251
2025-02-09 14:28:26,773 - INFO - core_4 - force: -0.1226011059068251
2025-02-09 14:28:26,930 - INFO - shell_5 - force: -0.1226011059068251
2025-02-09 14:28:26,973 - INFO - iteration 8/10
2025-02-09 14:28:26,973 - INFO - position: 3.0
2025-02-09 14:28:27,604 - INFO - Middle_Coil - force: -8.021776694298515e-05
2025-02-09 14:28:27,722 - INFO - Upper_Coil - force: -0.04985380042693388
2025-02-09 14:28:27,840 - INFO - Lower_Coil - force: -0.1201407508017591
2025-02-09 14:28:27,973 - INFO - core_4 - force: -0.1201407508017591
2025-02-09 14:28:28,132 - INFO - shell_5 - force: -0.1201407508017591
2025-02-09 14:28:28,174 - INFO - iteration 9/10
2025-02-09 14:28:28,175 - INFO - position: 4.0
2025-02-09 14:28:28,779 - INFO - Middle_Coil - force: -7.424219242375969e-05
2025-02-09 14:28:28,890 - INFO - Upper_Coil - force: -0.03832554599208699
2025-02-09 14:28:29,002 - INFO - Lower_Coil - force: -0.1166857249565698
2025-02-09 14:28:29,130 - INFO - core_4 - force: -0.1166857249565698
2025-02-09 14:28:29,280 - INFO - shell_5 - force: -0.1166857249565698
2025-02-09 14:28:29,321 - INFO - iteration 10/10
2025-02-09 14:28:29,321 - INFO - position: 5.0
2025-02-09 14:28:29,942 - INFO - Middle_Coil - force: 1.736580411158729e-05
2025-02-09 14:28:30,108 - INFO - Upper_Coil - force: -0.0248645389872161
2025-02-09 14:28:30,258 - INFO - Lower_Coil - force: -0.1121561499304696
2025-02-09 14:28:30,425 - INFO - core_4 - force: -0.1121561499304696
2025-02-09 14:28:30,623 - INFO - shell_5 - force: -0.1121561499304696
2025-02-09 14:28:30,709 - INFO - Voice Coil simulation results saved to ../data\alucore_vc.hdf5
2025-02-09 14:28:30,709 - INFO - Simulation completed
2025-02-09 14:28:30,709 - INFO - =====================================
2025-02-18 10:33:16,317 - INFO - Simulation Program Started
2025-02-18 10:33:16,318 - INFO - =====================================
2025-02-18 10:33:16,318 - INFO - Welcome to FEMM SimulatorManager
2025-02-18 10:33:16,330 - INFO - Loaded configuration file
2025-02-18 10:33:16,331 - INFO - Configuration saved to ../data\alucore_vc.json
2025-02-18 10:33:16,690 - INFO - FEMM session opened
2025-02-18 10:33:16,690 - INFO - FEMM session initialized
2025-02-18 10:33:16,690 - INFO - AirModel created
2025-02-18 10:33:16,691 - INFO - CoilModels created
2025-02-18 10:33:16,691 - INFO - CoreModel created
2025-02-18 10:33:16,691 - INFO - ShellModel created
2025-02-18 10:33:16,691 - INFO - All models created
2025-02-18 10:33:16,868 - INFO - iteration 0/10
2025-02-18 10:33:16,869 - INFO - position: -5.0
2025-02-18 10:33:18,534 - INFO - Middle_Coil - current: 0, voltage: (-0.0001210688551981371+0.0007080338326702799j), flux: (1.126870843457749e-08+1.926870675926043e-09j)
2025-02-18 10:33:18,536 - INFO - Upper_Coil - current: 0.02, voltage: (0.02519101176870472+0.03691068188711632j), flux: (5.874517475538533e-07+3.332665712534613e-10j)
2025-02-18 10:33:18,538 - INFO - Lower_Coil - current: -0.02, voltage: (-0.02549695175239-0.03557834171229742j), flux: (-5.662468950836189e-07+4.535919498042714e-09j)
2025-02-18 10:33:18,541 - INFO - iteration 1/10
2025-02-18 10:33:18,541 - INFO - position: -4.0
2025-02-18 10:33:20,645 - INFO - Middle_Coil - current: 0, voltage: (-9.636500859112331e-05+0.0006175713491282064j), flux: (9.828953292568472e-09+1.533696745837024e-09j)
2025-02-18 10:33:20,647 - INFO - Upper_Coil - current: 0.02, voltage: (0.02521681640221928+0.03689284136210889j), flux: (5.871678067796252e-07-7.742692659821921e-11j)
2025-02-18 10:33:20,649 - INFO - Lower_Coil - current: -0.02, voltage: (-0.02547616991149817-0.03561497904230895j), flux: (-5.668299963009219e-07+4.20516622759471e-09j)
2025-02-18 10:33:20,655 - INFO - iteration 2/10
2025-02-18 10:33:20,655 - INFO - position: -3.0
2025-02-18 10:33:22,573 - INFO - Middle_Coil - current: 0, voltage: (-7.25981263181965e-05+0.0004749467103139353j), flux: (7.559011665169728e-09+1.155435066275079e-09j)
2025-02-18 10:33:22,575 - INFO - Upper_Coil - current: 0.02, voltage: (0.02524644171704757+0.03682181307376717j), flux: (5.860373564607299e-07-5.489284561557452e-10j)
2025-02-18 10:33:22,577 - INFO - Lower_Coil - current: -0.02, voltage: (-0.0254537850884288-0.03591687773939573j), flux: (-5.716348632963583e-07+3.848900703421983e-09j)
2025-02-18 10:33:22,582 - INFO - iteration 3/10
2025-02-18 10:33:22,582 - INFO - position: -2.0
2025-02-18 10:33:25,090 - INFO - Middle_Coil - current: 0, voltage: (-4.71811914960656e-05+0.0003468046489209284j), flux: (5.519567416301511e-09+7.509119847564136e-10j)
2025-02-18 10:33:25,092 - INFO - Upper_Coil - current: 0.02, voltage: (0.02528166848089501+0.03662404260545115j), flux: (5.828897416977206e-07-1.109579815700517e-09j)
2025-02-18 10:33:25,094 - INFO - Lower_Coil - current: -0.02, voltage: (-0.0254227501258763-0.03601946458509064j), flux: (-5.732675836552124e-07+3.354963933531884e-09j)
2025-02-18 10:33:25,104 - INFO - iteration 4/10
2025-02-18 10:33:25,105 - INFO - position: -1.0
2025-02-18 10:33:27,543 - INFO - Middle_Coil - current: 0, voltage: (-2.40054642573442e-05+0.0001613180082433139j), flux: (2.567455842166252e-09+3.820588297772144e-10j)
2025-02-18 10:33:27,545 - INFO - Upper_Coil - current: 0.02, voltage: (0.02531774638018889+0.03648385054228382j), flux: (5.806585157141877e-07-1.683777416599904e-09j)
2025-02-18 10:33:27,547 - INFO - Lower_Coil - current: -0.02, voltage: (-0.02539160567466377-0.03629344557310869j), flux: (-5.776281265108404e-07+2.859284597495371e-09j)
2025-02-18 10:33:27,551 - INFO - iteration 5/10
2025-02-18 10:33:27,551 - INFO - position: 0.0
2025-02-18 10:33:32,060 - INFO - Middle_Coil - current: 0, voltage: (6.504834096650026e-07+2.69960168435424e-05j), flux: (4.296549524441839e-10-1.035276500474555e-11j)
2025-02-18 10:33:32,062 - INFO - Upper_Coil - current: 0.02, voltage: (0.02535584725588342+0.03637712170911462j), flux: (5.789598735772569e-07-2.290171686891648e-09j)
2025-02-18 10:33:32,064 - INFO - Lower_Coil - current: -0.02, voltage: (-0.02535400710686352-0.03638001584094817j), flux: (-5.790059351159845e-07+2.260884805637181e-09j)
2025-02-18 10:33:32,069 - INFO - iteration 6/10
2025-02-18 10:33:32,070 - INFO - position: 1.0
2025-02-18 10:33:34,692 - INFO - Middle_Coil - current: 0, voltage: (2.46227404097546e-05-0.000126343433163198j), flux: (-2.010818191512346e-09-3.918830848681006e-10j)
2025-02-18 10:33:34,693 - INFO - Upper_Coil - current: 0.02, voltage: (0.02539336591358033+0.03625583896152871j), flux: (5.770295986982502e-07-2.887299669955307e-09j)
2025-02-18 10:33:34,696 - INFO - Lower_Coil - current: -0.02, voltage: (-0.02531748753452665-0.03659018027615589j), flux: (-5.823508059885269e-07+1.679657759935538e-09j)
2025-02-18 10:33:34,702 - INFO - iteration 7/10
2025-02-18 10:33:34,702 - INFO - position: 2.0
2025-02-18 10:33:37,151 - INFO - Middle_Coil - current: 0, voltage: (4.94707440075115e-05-0.0002705785789909393j), flux: (-4.306391834118886e-09-7.873513447229216e-10j)
2025-02-18 10:33:37,153 - INFO - Upper_Coil - current: 0.02, voltage: (0.0254273001339614+0.03608898017880233j), flux: (5.74373958691331e-07-3.427379561316908e-09j)
2025-02-18 10:33:37,154 - INFO - Lower_Coil - current: -0.02, voltage: (-0.02528010014962061-0.03667449243455324j), flux: (-5.836926756656966e-07+1.084619048228043e-09j)
2025-02-18 10:33:37,159 - INFO - iteration 8/10
2025-02-18 10:33:37,160 - INFO - position: 3.0
2025-02-18 10:33:39,317 - INFO - Middle_Coil - current: 0, voltage: (7.562160243753389e-05-0.0003797529274843349j), flux: (-6.043955556274997e-09-1.203555183246364e-09j)
2025-02-18 10:33:39,318 - INFO - Upper_Coil - current: 0.02, voltage: (0.02545671759418478+0.03594180807385893j), flux: (5.720316418926329e-07-3.895572982092936e-09j)
2025-02-18 10:33:39,319 - INFO - Lower_Coil - current: -0.02, voltage: (-0.02524395829681669-0.03663244848930276j), flux: (-5.830235254943264e-07+5.094035956038016e-10j)
2025-02-18 10:33:39,323 - INFO - iteration 9/10
2025-02-18 10:33:39,323 - INFO - position: 4.0
2025-02-18 10:33:41,186 - INFO - Middle_Coil - current: 0, voltage: (9.732337878109302e-05-0.0005567598746452435j), flux: (-8.861108616501451e-09-1.548949681141583e-09j)
2025-02-18 10:33:41,188 - INFO - Upper_Coil - current: 0.02, voltage: (0.02547672981338259+0.03574119664224577j), flux: (5.688388117944355e-07-4.214077342849831e-09j)
2025-02-18 10:33:41,190 - INFO - Lower_Coil - current: -0.02, voltage: (-0.02521622286588311-0.03683975177551294j), flux: (-5.863228597662801e-07+6.798050241783201e-11j)
2025-02-18 10:33:41,194 - INFO - iteration 10/10
2025-02-18 10:33:41,194 - INFO - position: 5.0
2025-02-18 10:33:42,958 - INFO - Middle_Coil - current: 0, voltage: (0.0001216961786091922-0.0006525966066299348j), flux: (-1.038639757901513e-08-1.936854838104712e-09j)
2025-02-18 10:33:42,960 - INFO - Upper_Coil - current: 0.02, voltage: (0.02549669664300193+0.03564152400165979j), flux: (5.672524724504066e-07-4.531859306029333e-09j)
2025-02-18 10:33:42,961 - INFO - Lower_Coil - current: -0.02, voltage: (-0.0251903724698072-0.03691897427982331j), flux: (-5.875837250827916e-07-3.434413292187718e-10j)
2025-02-18 10:33:43,001 - INFO - LVDT simulation results saved to ../data\alucore_vc.hdf5
2025-02-18 10:33:43,001 - INFO - Simulation completed
2025-02-18 10:33:43,001 - INFO - =====================================
2025-02-18 11:03:05,913 - INFO - Simulation Program Started
2025-02-18 11:03:05,914 - INFO - =====================================
2025-02-18 11:03:05,914 - INFO - Welcome to FEMM SimulatorManager
2025-02-18 11:03:05,926 - INFO - Loaded configuration file
2025-02-18 11:03:05,928 - INFO - Configuration saved to ../data\alucore_vc.json
2025-02-18 11:03:06,313 - INFO - FEMM session opened
2025-02-18 11:03:06,313 - INFO - FEMM session initialized
2025-02-18 11:03:06,314 - INFO - AirModel created
2025-02-18 11:03:06,314 - INFO - CoilModels created
2025-02-18 11:03:06,314 - INFO - CoreModel created
2025-02-18 11:03:06,314 - INFO - ShellModel created
2025-02-18 11:03:06,314 - INFO - All models created
2025-02-18 11:03:06,486 - INFO - iteration 0/10
2025-02-18 11:03:06,487 - INFO - position: -5.0
2025-02-18 11:03:08,182 - INFO - Middle_Coil - current: 0, voltage: (-0.006595940979214406+0.0379616033572965j), flux: (6.041776822007628e-07+1.049776611184369e-07j)
2025-02-18 11:03:08,186 - INFO - Upper_Coil - current: 0.02, voltage: (0.2228780433377045+2.033197802641132j), flux: (3.235934805766744e-05+6.575545003657676e-09j)
2025-02-18 11:03:08,189 - INFO - Lower_Coil - current: -0.02, voltage: (-0.2381564525067801-1.962401290058176j), flux: (-3.123258656454291e-05+2.36587889180228e-07j)
2025-02-18 11:03:08,193 - INFO - iteration 1/10
2025-02-18 11:03:08,194 - INFO - position: -4.0
2025-02-18 11:03:09,667 - INFO - Middle_Coil - current: 0, voltage: (-0.005325836046196007+0.03174857481667877j), flux: (5.05294261819729e-07+8.476331328490903e-08j)
2025-02-18 11:03:09,670 - INFO - Upper_Coil - current: 0.02, voltage: (0.2241571648038567+2.02993541592212j), flux: (3.230742556040671e-05-1.378230541164413e-08j)
2025-02-18 11:03:09,672 - INFO - Lower_Coil - current: -0.02, voltage: (-0.2370251160305851-1.970373295634967j), flux: (-3.135946497393304e-05+2.185821099315723e-07j)
2025-02-18 11:03:09,675 - INFO - iteration 2/10
2025-02-18 11:03:09,675 - INFO - position: -3.0
2025-02-18 11:03:11,082 - INFO - Middle_Coil - current: 0, voltage: (-0.004043044934043343+0.02566565238100756j), flux: (4.084815444115627e-07+6.434705863956439e-08j)
2025-02-18 11:03:11,085 - INFO - Upper_Coil - current: 0.02, voltage: (0.2255813802135636+2.023922460050883j), flux: (3.221172639545658e-05-3.644939765990341e-08j)
2025-02-18 11:03:11,088 - INFO - Lower_Coil - current: -0.02, voltage: (-0.2356994038614101-1.97626549563586j), flux: (-3.14532422495159e-05+1.97482745447455e-07j)
2025-02-18 11:03:11,091 - INFO - iteration 3/10
2025-02-18 11:03:11,092 - INFO - position: -2.0
2025-02-18 11:03:12,631 - INFO - Middle_Coil - current: 0, voltage: (-0.002667548298456401+0.01721468745839088j), flux: (2.739802602784965e-07+4.245534976357108e-08j)
2025-02-18 11:03:12,635 - INFO - Upper_Coil - current: 0.02, voltage: (0.227270501441+2.017898643216815j), flux: (3.211585437291426e-05-6.333259694268946e-08j)
2025-02-18 11:03:12,638 - INFO - Lower_Coil - current: -0.02, voltage: (-0.2342169330875779-1.984198944478414j), flux: (-3.157950700942178e-05+1.738884902829836e-07j)
2025-02-18 11:03:12,642 - INFO - iteration 4/10
2025-02-18 11:03:12,643 - INFO - position: -1.0
2025-02-18 11:03:15,149 - INFO - Middle_Coil - current: 0, voltage: (-0.001212724867710233+0.01174741224495638j), flux: (1.869658727323067e-07+1.930111573065485e-08j)
2025-02-18 11:03:15,153 - INFO - Upper_Coil - current: 0.02, voltage: (0.2290932512166866+2.012929362313338j), flux: (3.203676581097434e-05-9.234256062470472e-08j)
2025-02-18 11:03:15,157 - INFO - Lower_Coil - current: -0.02, voltage: (-0.2324300342931092-1.985411585148496j), flux: (-3.15988067851055e-05+1.454491126885237e-07j)
2025-02-18 11:03:15,163 - INFO - iteration 5/10
2025-02-18 11:03:15,163 - INFO - position: 0.0
2025-02-18 11:03:19,168 - INFO - Middle_Coil - current: 0, voltage: (8.353510854079844e-05+0.001294223338974964j), flux: (2.059820418627631e-08-1.329502544598608e-09j)
2025-02-18 11:03:19,174 - INFO - Upper_Coil - current: 0.02, voltage: (0.2308188215567644+1.999404436018296j), flux: (3.182150992349338e-05-1.198058655523242e-07j)
2025-02-18 11:03:19,179 - INFO - Lower_Coil - current: -0.02, voltage: (-0.2306971090449776-1.997997177099958j), flux: (-3.179911270218689e-05+1.178687507636317e-07j)
2025-02-18 11:03:19,183 - INFO - iteration 6/10
2025-02-18 11:03:19,183 - INFO - position: 1.0
2025-02-18 11:03:22,077 - INFO - Middle_Coil - current: 0, voltage: (0.001364626073605062-0.006933814985907835j), flux: (-1.103550929491893e-07-2.171869850863303e-08j)
2025-02-18 11:03:22,083 - INFO - Upper_Coil - current: 0.02, voltage: (0.2325591478705335+1.99242278572695j), flux: (3.171039350801269e-05-1.475040190952403e-07j)
2025-02-18 11:03:22,086 - INFO - Lower_Coil - current: -0.02, voltage: (-0.2289837364772528-2.004611431950098j), flux: (-3.190438183761374e-05+9.059957941248765e-08j)
2025-02-18 11:03:22,090 - INFO - iteration 7/10
2025-02-18 11:03:22,090 - INFO - position: 2.0
2025-02-18 11:03:24,380 - INFO - Middle_Coil - current: 0, voltage: (0.002829417472042587-0.01384753666414772j), flux: (-2.203903909745365e-07-4.503157767461523e-08j)
2025-02-18 11:03:24,384 - INFO - Upper_Coil - current: 0.02, voltage: (0.2343504825187049+1.984700103655058j), flux: (3.158748320544564e-05-1.760139954940786e-07j)
2025-02-18 11:03:24,387 - INFO - Lower_Coil - current: -0.02, voltage: (-0.2271511981709679-2.007804765975972j), flux: (-3.195520532713008e-05+6.143382642743846e-08j)
2025-02-18 11:03:24,391 - INFO - iteration 8/10
2025-02-18 11:03:24,391 - INFO - position: 3.0
2025-02-18 11:03:26,534 - INFO - Middle_Coil - current: 0, voltage: (0.004102476776805522-0.02203645850532092j), flux: (-3.507211299361264e-07-6.52929457948305e-08j)
2025-02-18 11:03:26,540 - INFO - Upper_Coil - current: 0.02, voltage: (0.2357906314901599+1.976656293360916j), flux: (3.145946198848507e-05-1.989346782536516e-07j)
2025-02-18 11:03:26,544 - INFO - Lower_Coil - current: -0.02, voltage: (-0.225573637887213-2.016887341313197j), flux: (-3.209975900322241e-05+3.632617470892506e-08j)
2025-02-18 11:03:26,550 - INFO - iteration 9/10
2025-02-18 11:03:26,550 - INFO - position: 4.0
2025-02-18 11:03:28,813 - INFO - Middle_Coil - current: 0, voltage: (0.005442621413038758-0.02733889433483823j), flux: (-4.351120172056518e-07-8.662201012629145e-08j)
2025-02-18 11:03:28,817 - INFO - Upper_Coil - current: 0.02, voltage: (0.2370904717874914+1.971984798601444j), flux: (3.138511284022557e-05-2.196222791086869e-07j)
2025-02-18 11:03:28,821 - INFO - Lower_Coil - current: -0.02, voltage: (-0.2240782531371458-2.020600386400634j), flux: (-3.215885395118112e-05+1.252638722918517e-08j)
2025-02-18 11:03:28,825 - INFO - iteration 10/10
2025-02-18 11:03:28,826 - INFO - position: 5.0
2025-02-18 11:03:31,074 - INFO - Middle_Coil - current: 0, voltage: (0.006643247828495464-0.03508406647214207j), flux: (-5.583802602806043e-07-1.057305730089553e-07j)
2025-02-18 11:03:31,077 - INFO - Upper_Coil - current: 0.02, voltage: (0.2381524407001114+1.96318679124317j), flux: (3.124508820418263e-05-2.365240392940206e-07j)
2025-02-18 11:03:31,082 - INFO - Lower_Coil - current: -0.02, voltage: (-0.2228520256916705-2.026214238815533j), flux: (-3.224820118734329e-05-6.989628701040554e-09j)
2025-02-18 11:03:31,104 - INFO - LVDT simulation results saved to ../data\alucore_vc.hdf5
2025-02-18 11:03:31,105 - INFO - Simulation completed
2025-02-18 11:03:31,105 - INFO - =====================================
2025-02-18 11:06:11,914 - INFO - Simulation Program Started
2025-02-18 11:06:11,914 - INFO - =====================================
2025-02-18 11:06:11,916 - INFO - Welcome to FEMM SimulatorManager
2025-02-18 11:06:11,917 - INFO - Loaded configuration file
2025-02-18 11:06:11,919 - INFO - Configuration saved to ../data\alucore_vc.json
2025-02-18 11:06:12,276 - INFO - FEMM session opened
2025-02-18 11:06:12,277 - INFO - FEMM session initialized
2025-02-18 11:06:12,277 - INFO - AirModel created
2025-02-18 11:06:12,277 - INFO - CoilModels created
2025-02-18 11:06:12,277 - INFO - CoreModel created
2025-02-18 11:06:12,277 - INFO - ShellModel created
2025-02-18 11:06:12,277 - INFO - All models created
2025-02-18 11:06:12,458 - INFO - iteration 0/10
2025-02-18 11:06:12,458 - INFO - position: -5.0
2025-02-18 11:06:13,794 - INFO - Middle_Coil - current: 0, voltage: (-0.001040490013458992+0.005868383329932309j), flux: (9.33982214916804e-08+1.655991288797512e-08j)
2025-02-18 11:06:13,797 - INFO - Upper_Coil - current: 0.02, voltage: (0.07784208142576622+0.3151078396587769j), flux: (5.015097028966564e-06+1.712281313195255e-09j)
2025-02-18 11:06:13,799 - INFO - Lower_Coil - current: -0.02, voltage: (-0.08040358148679169-0.3038436430030383j), flux: (-4.835821771194562e-06+3.905525833104097e-08j)
2025-02-18 11:06:13,802 - INFO - iteration 1/10
2025-02-18 11:06:13,803 - INFO - position: -4.0
2025-02-18 11:06:15,109 - INFO - Middle_Coil - current: 0, voltage: (-0.0008498512253732444+0.004872695251558588j), flux: (7.755135354659558e-08+1.352580234108562e-08j)
2025-02-18 11:06:15,111 - INFO - Upper_Coil - current: 0.02, voltage: (0.07804435943209366+0.3141927681194914j), flux: (5.00053321309056e-06-1.507073145382631e-09j)
2025-02-18 11:06:15,113 - INFO - Lower_Coil - current: -0.02, voltage: (-0.08023464888721746-0.3053603605943527j), flux: (-4.859961081387779e-06+3.636661250388012e-08j)
2025-02-18 11:06:15,116 - INFO - iteration 2/10
2025-02-18 11:06:15,116 - INFO - position: -3.0
2025-02-18 11:06:16,354 - INFO - Middle_Coil - current: 0, voltage: (-0.000636475451271206+0.003953277361569523j), flux: (6.291836335070756e-08+1.012982142264572e-08j)
2025-02-18 11:06:16,356 - INFO - Upper_Coil - current: 0.02, voltage: (0.0782965876538052+0.3137649754494844j), flux: (4.993724681285555e-06-5.521409972648942e-09j)
2025-02-18 11:06:16,358 - INFO - Lower_Coil - current: -0.02, voltage: (-0.08002253052517327-0.3062916398882741j), flux: (-4.874782851690448e-06+3.299064391989109e-08j)
2025-02-18 11:06:16,361 - INFO - iteration 3/10
2025-02-18 11:06:16,362 - INFO - position: -2.0
2025-02-18 11:06:17,605 - INFO - Middle_Coil - current: 0, voltage: (-0.0004251298702851458+0.002633522238241273j), flux: (4.191380819585306e-08+6.766152031189723e-09j)
2025-02-18 11:06:17,607 - INFO - Upper_Coil - current: 0.02, voltage: (0.07857608695090328+0.3124483012599802j), flux: (4.972769160715443e-06-9.969779445038755e-09j)
2025-02-18 11:06:17,609 - INFO - Lower_Coil - current: -0.02, voltage: (-0.07977248310488003-0.3075439369144854j), flux: (-4.894713777884528e-06+2.901101562518438e-08j)
2025-02-18 11:06:17,613 - INFO - iteration 4/10
2025-02-18 11:06:17,613 - INFO - position: -1.0
2025-02-18 11:06:19,375 - INFO - Middle_Coil - current: 0, voltage: (-0.0002107880520474172+0.001421751429591874j), flux: (2.262787678675155e-08+3.354796042805815e-09j)
2025-02-18 11:06:19,377 - INFO - Upper_Coil - current: 0.02, voltage: (0.07888830576670315+0.3118257782954772j), flux: (4.962861400016555e-06-1.493889623112102e-08j)
2025-02-18 11:06:19,379 - INFO - Lower_Coil - current: -0.02, voltage: (-0.07950038353935986-0.3091202372035312j), flux: (-4.919801376164406e-06+2.468041653861783e-08j)
2025-02-18 11:06:19,384 - INFO - iteration 5/10
2025-02-18 11:06:19,385 - INFO - position: 0.0
2025-02-18 11:06:22,981 - INFO - Middle_Coil - current: 0, voltage: (-2.905776717754845e-06-8.255308788944409e-05j), flux: (-1.313873200510471e-09+4.624687281520268e-11j)
2025-02-18 11:06:22,984 - INFO - Upper_Coil - current: 0.02, voltage: (0.07919101375204217+0.3103491387058219j), flux: (4.939359951030686e-06-1.97566434491306e-08j)
2025-02-18 11:06:22,986 - INFO - Lower_Coil - current: -0.02, voltage: (-0.07919650855809098-0.3105498213681092j), flux: (-4.942553914800271e-06+1.984409600352666e-08j)
2025-02-18 11:06:22,992 - INFO - iteration 6/10
2025-02-18 11:06:22,992 - INFO - position: 1.0
2025-02-18 11:06:24,887 - INFO - Middle_Coil - current: 0, voltage: (0.0002012734194723031-0.001377759532153478j), flux: (-2.192772399342032e-08-3.203365962202557e-09j)
2025-02-18 11:06:24,889 - INFO - Upper_Coil - current: 0.02, voltage: (0.07948486058387266+0.3086622866272674j), flux: (4.912512866374006e-06-2.443336102890058e-08j)
2025-02-18 11:06:24,891 - INFO - Lower_Coil - current: -0.02, voltage: (-0.07888917319055203-0.311528787861603j), flux: (-4.958134650456341e-06+1.495270171044783e-08j)
2025-02-18 11:06:24,897 - INFO - iteration 7/10
2025-02-18 11:06:24,897 - INFO - position: 2.0
2025-02-18 11:06:27,066 - INFO - Middle_Coil - current: 0, voltage: (0.0004214141095105371-0.002642808167269997j), flux: (-4.206159834646526e-08-6.707013861727128e-09j)
2025-02-18 11:06:27,069 - INFO - Upper_Coil - current: 0.02, voltage: (0.07977101039360142+0.3073655489403616j), flux: (4.891874645097533e-06-2.898757669721532e-08j)
2025-02-18 11:06:27,071 - INFO - Lower_Coil - current: -0.02, voltage: (-0.0785799698344224-0.3125310158281712j), flux: (-4.974085603954786e-06+1.003157745558643e-08j)
2025-02-18 11:06:27,074 - INFO - iteration 8/10
2025-02-18 11:06:27,074 - INFO - position: 3.0
2025-02-18 11:06:28,684 - INFO - Middle_Coil - current: 0, voltage: (0.0006340221743934934-0.003941888309578699j), flux: (-6.273710095856052e-08-1.009077630845962e-08j)
2025-02-18 11:06:28,687 - INFO - Upper_Coil - current: 0.02, voltage: (0.08002087247553565+0.3058291145632035j), flux: (4.867421532511427e-06-3.29642552403219e-08j)
2025-02-18 11:06:28,689 - INFO - Lower_Coil - current: -0.02, voltage: (-0.07830009672751519-0.3136364336207554j), flux: (-4.99167887454192e-06+5.577258615307629e-09j)
2025-02-18 11:06:28,694 - INFO - iteration 9/10
2025-02-18 11:06:28,694 - INFO - position: 4.0
2025-02-18 11:06:30,596 - INFO - Middle_Coil - current: 0, voltage: (0.0008450625752215851-0.0049156786074399j), flux: (-7.823545490251446e-08-1.344958860684819e-08j)
2025-02-18 11:06:30,600 - INFO - Upper_Coil - current: 0.02, voltage: (0.08023325861108264+0.3050825373736376j), flux: (4.855539387499532e-06-3.63444855719712e-08j)
2025-02-18 11:06:30,603 - INFO - Lower_Coil - current: -0.02, voltage: (-0.07805175767962398-0.3144762572253852j), flux: (-5.005045082342139e-06+1.624819911844493e-09j)
2025-02-18 11:06:30,608 - INFO - iteration 10/10
2025-02-18 11:06:30,609 - INFO - position: 5.0
2025-02-18 11:06:32,887 - INFO - Middle_Coil - current: 0, voltage: (0.001042507114419773-0.006019239666755725j), flux: (-9.579917466189866e-08-1.659201604683749e-08j)
2025-02-18 11:06:32,890 - INFO - Upper_Coil - current: 0.02, voltage: (0.08039301003203599+0.3036168464507514j), flux: (4.832212191957291e-06-3.888700840303888e-08j)
2025-02-18 11:06:32,893 - INFO - Lower_Coil - current: -0.02, voltage: (-0.07784177862833062-0.3148348679778335j), flux: (-5.010752549731948e-06-1.717100484062886e-09j)
2025-02-18 11:06:32,925 - INFO - LVDT simulation results saved to ../data\alucore_vc.hdf5
2025-02-18 11:06:32,926 - INFO - Simulation completed
2025-02-18 11:06:32,926 - INFO - =====================================
2025-02-18 11:10:35,904 - INFO - Simulation Program Started
2025-02-18 11:10:35,904 - INFO - =====================================
2025-02-18 11:10:35,904 - INFO - Welcome to FEMM SimulatorManager
2025-02-18 11:10:35,907 - INFO - Loaded configuration file
2025-02-18 11:10:35,909 - INFO - Configuration saved to ../data\alucore_vc.json
2025-02-18 11:10:36,201 - INFO - FEMM session opened
2025-02-18 11:10:36,201 - INFO - FEMM session initialized
2025-02-18 11:10:36,201 - INFO - AirModel created
2025-02-18 11:10:36,201 - INFO - CoilModels created
2025-02-18 11:10:36,202 - INFO - CoreModel created
2025-02-18 11:10:36,202 - INFO - ShellModel created
2025-02-18 11:10:36,202 - INFO - All models created
2025-02-18 11:10:36,354 - INFO - iteration 0/10
2025-02-18 11:10:36,354 - INFO - position: -5.0
2025-02-18 11:10:37,502 - INFO - Middle_Coil - current: 0, voltage: (-0.0001210688551981371+0.0007080338326702799j), flux: (1.126870843457749e-08+1.926870675926043e-09j)
2025-02-18 11:10:37,504 - INFO - Upper_Coil - current: 0.02, voltage: (0.02519101176870472+0.03691068188711632j), flux: (5.874517475538533e-07+3.332665712534613e-10j)
2025-02-18 11:10:37,506 - INFO - Lower_Coil - current: -0.02, voltage: (-0.02549695175239-0.03557834171229742j), flux: (-5.662468950836189e-07+4.535919498042714e-09j)
2025-02-18 11:10:37,509 - INFO - iteration 1/10
2025-02-18 11:10:37,510 - INFO - position: -4.0
2025-02-18 11:10:38,690 - INFO - Middle_Coil - current: 0, voltage: (-9.636500859112331e-05+0.0006175713491282064j), flux: (9.828953292568472e-09+1.533696745837024e-09j)
2025-02-18 11:10:38,692 - INFO - Upper_Coil - current: 0.02, voltage: (0.02521681640221928+0.03689284136210889j), flux: (5.871678067796252e-07-7.742692659821921e-11j)
2025-02-18 11:10:38,694 - INFO - Lower_Coil - current: -0.02, voltage: (-0.02547616991149817-0.03561497904230895j), flux: (-5.668299963009219e-07+4.20516622759471e-09j)
2025-02-18 11:10:38,696 - INFO - iteration 2/10
2025-02-18 11:10:38,697 - INFO - position: -3.0
2025-02-18 11:10:39,840 - INFO - Middle_Coil - current: 0, voltage: (-7.25981263181965e-05+0.0004749467103139353j), flux: (7.559011665169728e-09+1.155435066275079e-09j)
2025-02-18 11:10:39,841 - INFO - Upper_Coil - current: 0.02, voltage: (0.02524644171704757+0.03682181307376717j), flux: (5.860373564607299e-07-5.489284561557452e-10j)
2025-02-18 11:10:39,843 - INFO - Lower_Coil - current: -0.02, voltage: (-0.0254537850884288-0.03591687773939573j), flux: (-5.716348632963583e-07+3.848900703421983e-09j)
2025-02-18 11:10:39,847 - INFO - iteration 3/10
2025-02-18 11:10:39,848 - INFO - position: -2.0
2025-02-18 11:10:40,976 - INFO - Middle_Coil - current: 0, voltage: (-4.71811914960656e-05+0.0003468046489209284j), flux: (5.519567416301511e-09+7.509119847564136e-10j)
2025-02-18 11:10:40,978 - INFO - Upper_Coil - current: 0.02, voltage: (0.02528166848089501+0.03662404260545115j), flux: (5.828897416977206e-07-1.109579815700517e-09j)
2025-02-18 11:10:40,979 - INFO - Lower_Coil - current: -0.02, voltage: (-0.0254227501258763-0.03601946458509064j), flux: (-5.732675836552124e-07+3.354963933531884e-09j)
2025-02-18 11:10:40,983 - INFO - iteration 4/10
2025-02-18 11:10:40,983 - INFO - position: -1.0
2025-02-18 11:10:42,174 - INFO - Middle_Coil - current: 0, voltage: (-2.40054642573442e-05+0.0001613180082433139j), flux: (2.567455842166252e-09+3.820588297772144e-10j)
2025-02-18 11:10:42,176 - INFO - Upper_Coil - current: 0.02, voltage: (0.02531774638018889+0.03648385054228382j), flux: (5.806585157141877e-07-1.683777416599904e-09j)
2025-02-18 11:10:42,177 - INFO - Lower_Coil - current: -0.02, voltage: (-0.02539160567466377-0.03629344557310869j), flux: (-5.776281265108404e-07+2.859284597495371e-09j)
2025-02-18 11:10:42,180 - INFO - iteration 5/10
2025-02-18 11:10:42,180 - INFO - position: 0.0
2025-02-18 11:10:45,273 - INFO - Middle_Coil - current: 0, voltage: (6.504834096650026e-07+2.69960168435424e-05j), flux: (4.296549524441839e-10-1.035276500474555e-11j)
2025-02-18 11:10:45,275 - INFO - Upper_Coil - current: 0.02, voltage: (0.02535584725588342+0.03637712170911462j), flux: (5.789598735772569e-07-2.290171686891648e-09j)
2025-02-18 11:10:45,276 - INFO - Lower_Coil - current: -0.02, voltage: (-0.02535400710686352-0.03638001584094817j), flux: (-5.790059351159845e-07+2.260884805637181e-09j)
2025-02-18 11:10:45,282 - INFO - iteration 6/10
2025-02-18 11:10:45,282 - INFO - position: 1.0
2025-02-18 11:10:47,911 - INFO - Middle_Coil - current: 0, voltage: (2.46227404097546e-05-0.000126343433163198j), flux: (-2.010818191512346e-09-3.918830848681006e-10j)
2025-02-18 11:10:47,914 - INFO - Upper_Coil - current: 0.02, voltage: (0.02539336591358033+0.03625583896152871j), flux: (5.770295986982502e-07-2.887299669955307e-09j)
2025-02-18 11:10:47,916 - INFO - Lower_Coil - current: -0.02, voltage: (-0.02531748753452665-0.03659018027615589j), flux: (-5.823508059885269e-07+1.679657759935538e-09j)
2025-02-18 11:10:47,922 - INFO - iteration 7/10
2025-02-18 11:10:47,922 - INFO - position: 2.0
2025-02-18 11:10:50,190 - INFO - Middle_Coil - current: 0, voltage: (4.94707440075115e-05-0.0002705785789909393j), flux: (-4.306391834118886e-09-7.873513447229216e-10j)
2025-02-18 11:10:50,191 - INFO - Upper_Coil - current: 0.02, voltage: (0.0254273001339614+0.03608898017880233j), flux: (5.74373958691331e-07-3.427379561316908e-09j)
2025-02-18 11:10:50,193 - INFO - Lower_Coil - current: -0.02, voltage: (-0.02528010014962061-0.03667449243455324j), flux: (-5.836926756656966e-07+1.084619048228043e-09j)
2025-02-18 11:10:50,197 - INFO - iteration 8/10
2025-02-18 11:10:50,197 - INFO - position: 3.0
2025-02-18 11:10:52,134 - INFO - Middle_Coil - current: 0, voltage: (7.562160243753389e-05-0.0003797529274843349j), flux: (-6.043955556274997e-09-1.203555183246364e-09j)
2025-02-18 11:10:52,137 - INFO - Upper_Coil - current: 0.02, voltage: (0.02545671759418478+0.03594180807385893j), flux: (5.720316418926329e-07-3.895572982092936e-09j)
2025-02-18 11:10:52,138 - INFO - Lower_Coil - current: -0.02, voltage: (-0.02524395829681669-0.03663244848930276j), flux: (-5.830235254943264e-07+5.094035956038016e-10j)
2025-02-18 11:10:52,145 - INFO - iteration 9/10
2025-02-18 11:10:52,145 - INFO - position: 4.0
2025-02-18 11:10:53,921 - INFO - Middle_Coil - current: 0, voltage: (9.732337878109302e-05-0.0005567598746452435j), flux: (-8.861108616501451e-09-1.548949681141583e-09j)
2025-02-18 11:10:53,923 - INFO - Upper_Coil - current: 0.02, voltage: (0.02547672981338259+0.03574119664224577j), flux: (5.688388117944355e-07-4.214077342849831e-09j)
2025-02-18 11:10:53,925 - INFO - Lower_Coil - current: -0.02, voltage: (-0.02521622286588311-0.03683975177551294j), flux: (-5.863228597662801e-07+6.798050241783201e-11j)
2025-02-18 11:10:53,930 - INFO - iteration 10/10
2025-02-18 11:10:53,930 - INFO - position: 5.0
2025-02-18 11:10:55,789 - INFO - Middle_Coil - current: 0, voltage: (0.0001216961786091922-0.0006525966066299348j), flux: (-1.038639757901513e-08-1.936854838104712e-09j)
2025-02-18 11:10:55,791 - INFO - Upper_Coil - current: 0.02, voltage: (0.02549669664300193+0.03564152400165979j), flux: (5.672524724504066e-07-4.531859306029333e-09j)
2025-02-18 11:10:55,792 - INFO - Lower_Coil - current: -0.02, voltage: (-0.0251903724698072-0.03691897427982331j), flux: (-5.875837250827916e-07-3.434413292187718e-10j)
2025-02-18 11:10:55,825 - INFO - LVDT simulation results saved to ../data\alucore_vc.hdf5
2025-02-18 11:10:55,825 - INFO - Simulation completed
2025-02-18 11:10:55,826 - INFO - =====================================
2025-02-19 10:57:27,987 - INFO - Simulation Program Started
2025-02-19 10:57:27,997 - INFO - =====================================
2025-02-19 10:57:27,997 - INFO - Welcome to FEMM SimulatorManager
2025-02-19 10:57:27,999 - INFO - Loaded configuration file
2025-02-19 10:57:28,001 - INFO - Configuration saved to ../data\lvdt_alucore_no_magnet.json
2025-02-19 10:57:28,400 - INFO - FEMM session opened
2025-02-19 10:57:28,402 - INFO - FEMM session initialized
2025-02-19 10:57:28,402 - INFO - AirModel created
2025-02-19 10:57:28,402 - INFO - CoilModels created
2025-02-19 10:57:28,402 - INFO - ShellModel created
2025-02-19 10:57:28,402 - INFO - All models created
2025-02-19 10:57:28,520 - INFO - iteration 0/10
2025-02-19 10:57:28,521 - INFO - position: -5.0
2025-02-19 10:57:29,765 - INFO - Middle_Coil - current: 0, voltage: (-0.0001214811095218131+0.0007283646122133108j), flux: (1.159228284069599e-08+1.933431907268446e-09j)
2025-02-19 10:57:29,777 - INFO - Upper_Coil - current: 0.02, voltage: (0.02519020439073165+0.0368782678108361j), flux: (5.869358615072783e-07+3.461163907899122e-10j)
2025-02-19 10:57:29,779 - INFO - Lower_Coil - current: -0.02, voltage: (-0.02549781539165702-0.03578532122218224j), flux: (-5.695410762953107e-07+4.549664743882182e-09j)
2025-02-19 10:57:29,781 - INFO - iteration 1/10
2025-02-19 10:57:29,781 - INFO - position: -4.0
2025-02-19 10:57:30,763 - INFO - Middle_Coil - current: 0, voltage: (-9.796055542545407e-05+0.0005846521448178997j), flux: (9.305027883704737e-09+1.55909066239886e-09j)
2025-02-19 10:57:30,765 - INFO - Upper_Coil - current: 0.02, voltage: (0.02521572599241208+0.03704084209645539j), flux: (5.895233116248734e-07-6.007251551692599e-11j)
2025-02-19 10:57:30,766 - INFO - Lower_Coil - current: -0.02, voltage: (-0.02547833525768506-0.03590721929700763j), flux: (-5.714811444114953e-07+4.239628782509125e-09j)
2025-02-19 10:57:30,796 - INFO - iteration 2/10
2025-02-19 10:57:30,796 - INFO - position: -3.0
2025-02-19 10:57:31,907 - INFO - Middle_Coil - current: 0, voltage: (-7.250477526508327e-05+0.0004580483757399142j), flux: (7.290066317422114e-09+1.153949338120499e-09j)
2025-02-19 10:57:31,910 - INFO - Upper_Coil - current: 0.02, voltage: (0.02524737557763917+0.03693513372001409j), flux: (5.878409105611874e-07-5.637913090869298e-10j)
2025-02-19 10:57:31,911 - INFO - Lower_Coil - current: -0.02, voltage: (-0.02545400558023906-0.0360698398440314j), flux: (-5.740693308022086e-07+3.852409939573361e-09j)
2025-02-19 10:57:31,915 - INFO - iteration 3/10
2025-02-19 10:57:31,915 - INFO - position: -2.0
2025-02-19 10:57:32,872 - INFO - Middle_Coil - current: 0, voltage: (-4.852993494861258e-05+0.000314836449513824j), flux: (5.010777720562704e-09+7.723779034999817e-10j)
2025-02-19 10:57:32,874 - INFO - Upper_Coil - current: 0.02, voltage: (0.02527991712373894+0.03678395085383835j), flux: (5.854347605149205e-07-1.081706100849732e-09j)
2025-02-19 10:57:32,875 - INFO - Lower_Coil - current: -0.02, voltage: (-0.02542449409642544-0.03617144254607034j), flux: (-5.756863880283076e-07+3.382720086881283e-09j)
2025-02-19 10:57:32,879 - INFO - iteration 4/10
2025-02-19 10:57:32,879 - INFO - position: -1.0
2025-02-19 10:57:33,808 - INFO - Middle_Coil - current: 0, voltage: (-2.336864653857987e-05+0.0001852600293081816j), flux: (2.948504942174651e-09+3.719235609982296e-10j)
2025-02-19 10:57:33,809 - INFO - Upper_Coil - current: 0.02, voltage: (0.02531836732338539+0.03676024493548288j), flux: (5.8505746910624e-07-1.693660034510095e-09j)
2025-02-19 10:57:33,811 - INFO - Lower_Coil - current: -0.02, voltage: (-0.02539184713170377-0.03634948057868485j), flux: (-5.785199513232033e-07+2.863127505641975e-09j)
2025-02-19 10:57:33,816 - INFO - iteration 5/10
2025-02-19 10:57:33,816 - INFO - position: 0.0
2025-02-19 10:57:35,546 - INFO - Middle_Coil - current: 0, voltage: (8.994244501334242e-07+1.561938409246537e-05j), flux: (2.485902186366781e-10-1.431478471764444e-11j)
2025-02-19 10:57:35,547 - INFO - Upper_Coil - current: 0.02, voltage: (0.02535528912929733+0.03652489456762505j), flux: (5.813117516659332e-07-2.281288826386866e-09j)
2025-02-19 10:57:35,549 - INFO - Lower_Coil - current: -0.02, voltage: (-0.02535368163664807-0.03649499957909693j), flux: (-5.808359581461412e-07+2.255704786275162e-09j)
2025-02-19 10:57:35,552 - INFO - iteration 6/10
2025-02-19 10:57:35,552 - INFO - position: 1.0
2025-02-19 10:57:36,666 - INFO - Middle_Coil - current: 0, voltage: (2.329639522735152e-05-0.0001493866278275774j), flux: (-2.377562025058823e-09-3.707736456655433e-10j)
2025-02-19 10:57:36,667 - INFO - Upper_Coil - current: 0.02, voltage: (0.02539132914358128+0.03640289940575488j), flux: (5.793701383614404e-07-2.854883468626417e-09j)
2025-02-19 10:57:36,668 - INFO - Lower_Coil - current: -0.02, voltage: (-0.02531803106173668-0.03671411398828919j), flux: (-5.843232722787017e-07+1.688308264153688e-09j)
2025-02-19 10:57:36,671 - INFO - iteration 7/10
2025-02-19 10:57:36,671 - INFO - position: 2.0
2025-02-19 10:57:37,679 - INFO - Middle_Coil - current: 0, voltage: (4.968637871336484e-05-0.0002779080901316223j), flux: (-4.423044626967567e-09-7.907832776567941e-10j)
2025-02-19 10:57:37,680 - INFO - Upper_Coil - current: 0.02, voltage: (0.02542656176455974+0.03624899964708926j), flux: (5.769207476282102e-07-3.415628047306419e-09j)
2025-02-19 10:57:37,681 - INFO - Lower_Coil - current: -0.02, voltage: (-0.02527928220786443-0.03678955748609428j), flux: (-5.85523992838685e-07+1.07160110086228e-09j)
2025-02-19 10:57:37,682 - INFO - iteration 8/10
2025-02-19 10:57:37,682 - INFO - position: 3.0
2025-02-19 10:57:38,606 - INFO - Middle_Coil - current: 0, voltage: (7.359525858946273e-05-0.0004363087642716893j), flux: (-6.944069654815589e-09-1.171304919263926e-09j)
2025-02-19 10:57:38,607 - INFO - Upper_Coil - current: 0.02, voltage: (0.02545474320942743+0.03607175015363485j), flux: (5.740997343238307e-07-3.864149672722349e-09j)
2025-02-19 10:57:38,608 - INFO - Lower_Coil - current: -0.02, voltage: (-0.02524604657693361-0.0369412301577224j), flux: (-5.879379383808405e-07+5.426396059205138e-10j)
2025-02-19 10:57:38,611 - INFO - iteration 9/10
2025-02-19 10:57:38,611 - INFO - position: 4.0
2025-02-19 10:57:39,558 - INFO - Middle_Coil - current: 0, voltage: (9.688440321129517e-05-0.0005698309402869359j), flux: (-9.06914108733685e-09-1.541963167958593e-09j)
2025-02-19 10:57:39,560 - INFO - Upper_Coil - current: 0.02, voltage: (0.02547850592547736+0.03594781081478578j), flux: (5.72127178481694e-07-4.24234504478653e-09j)
2025-02-19 10:57:39,561 - INFO - Lower_Coil - current: -0.02, voltage: (-0.02521704768763586-0.03704688056025322j), flux: (-5.896194167610839e-07+8.110794832938199e-11j)
2025-02-19 10:57:39,564 - INFO - iteration 10/10
2025-02-19 10:57:39,565 - INFO - position: 5.0
2025-02-19 10:57:40,568 - INFO - Middle_Coil - current: 0, voltage: (0.0001212767939185852-0.0006812189625389638j), flux: (-1.084193652160088e-08-1.930180123447994e-09j)
2025-02-19 10:57:40,569 - INFO - Upper_Coil - current: 0.02, voltage: (0.02549851287947947+0.03579604405358199j), flux: (5.697117354574313e-07-4.560765607351308e-09j)
2025-02-19 10:57:40,570 - INFO - Lower_Coil - current: -0.02, voltage: (-0.02519076421800244-0.0371370890036249j), flux: (-5.910551287282074e-07-3.372064630471788e-10j)
2025-02-19 10:57:40,601 - INFO - LVDT simulation results saved to ../data\lvdt_alucore_no_magnet.hdf5
2025-02-19 10:57:40,601 - INFO - Simulation completed
2025-02-19 10:57:40,601 - INFO - =====================================
2025-02-19 10:59:50,719 - INFO - Simulation Program Started
2025-02-19 10:59:50,719 - INFO - =====================================
2025-02-19 10:59:50,720 - INFO - Welcome to FEMM SimulatorManager
2025-02-19 10:59:50,721 - INFO - Loaded configuration file
2025-02-19 10:59:50,723 - INFO - Configuration saved to ../data\lvdt_alucore_with_magnet.json
2025-02-19 10:59:50,995 - INFO - FEMM session opened
2025-02-19 10:59:50,995 - INFO - FEMM session initialized
2025-02-19 10:59:50,996 - INFO - AirModel created
2025-02-19 10:59:50,996 - INFO - CoilModels created
2025-02-19 10:59:50,996 - INFO - CoreModel created
2025-02-19 10:59:50,996 - INFO - ShellModel created
2025-02-19 10:59:50,996 - INFO - All models created
2025-02-19 10:59:51,148 - INFO - iteration 0/10
2025-02-19 10:59:51,148 - INFO - position: -5.0
2025-02-19 10:59:52,355 - INFO - Middle_Coil - current: 0, voltage: (-0.0001221676328010505+0.0007104319969862696j), flux: (1.130687640510113e-08+1.944358264612275e-09j)
2025-02-19 10:59:52,357 - INFO - Upper_Coil - current: 0.02, voltage: (0.0251901660603536+0.03709448408615845j), flux: (5.903770504067259e-07+3.467264377029377e-10j)
2025-02-19 10:59:52,359 - INFO - Lower_Coil - current: -0.02, voltage: (-0.02549864297929794-0.03573695839689937j), flux: (-5.687713580247439e-07+4.562836210271669e-09j)
2025-02-19 10:59:52,364 - INFO - iteration 1/10
2025-02-19 10:59:52,364 - INFO - position: -4.0
2025-02-19 10:59:53,489 - INFO - Middle_Coil - current: 0, voltage: (-9.856214623228096e-05+0.0005655111887924804j), flux: (9.00039010700973e-09+1.568665277461374e-09j)
2025-02-19 10:59:53,491 - INFO - Upper_Coil - current: 0.02, voltage: (0.02521545496850155+0.03694578727540188j), flux: (5.880104671613332e-07-5.575903601160162e-11j)
2025-02-19 10:59:53,493 - INFO - Lower_Coil - current: -0.02, voltage: (-0.02547994104496323-0.03591911228861364j), flux: (-5.716704272517184e-07+4.26518568079693e-09j)
2025-02-19 10:59:53,495 - INFO - iteration 2/10
2025-02-19 10:59:53,495 - INFO - position: -3.0
2025-02-19 10:59:54,711 - INFO - Middle_Coil - current: 0, voltage: (-7.476412064082291e-05+0.0004359011950973276j), flux: (6.937582989940434e-09+1.189907936590577e-09j)
2025-02-19 10:59:54,713 - INFO - Upper_Coil - current: 0.02, voltage: (0.02524450437997212+0.03676396297764026j), flux: (5.85116643585037e-07-5.180947789562054e-10j)
2025-02-19 10:59:54,714 - INFO - Lower_Coil - current: -0.02, voltage: (-0.02545524991682161-0.03599589811825666j), flux: (-5.728925116864287e-07+3.872214171371391e-09j)
2025-02-19 10:59:54,717 - INFO - iteration 3/10
2025-02-19 10:59:54,717 - INFO - position: -2.0
2025-02-19 10:59:55,963 - INFO - Middle_Coil - current: 0, voltage: (-4.793454763389584e-05+0.0003443240851809236j), flux: (5.480088018213882e-09+7.629020200808438e-10j)
2025-02-19 10:59:55,964 - INFO - Upper_Coil - current: 0.02, voltage: (0.02527988630060721+0.03653951498204263j), flux: (5.815444427883951e-07-1.081215535472112e-09j)
2025-02-19 10:59:55,965 - INFO - Lower_Coil - current: -0.02, voltage: (-0.02542421858406639-0.03609418501470967j), flux: (-5.744567962275944e-07+3.378335171499078e-09j)
2025-02-19 10:59:55,967 - INFO - iteration 4/10
2025-02-19 10:59:55,967 - INFO - position: -1.0
2025-02-19 10:59:57,257 - INFO - Middle_Coil - current: 0, voltage: (-2.342027662812314e-05+0.0001951296229597873j), flux: (3.105584403770794e-09+3.727452793945384e-10j)
2025-02-19 10:59:57,259 - INFO - Upper_Coil - current: 0.02, voltage: (0.02531842119561097+0.03663174837365316j), flux: (5.830123828076876e-07-1.694517437609755e-09j)
2025-02-19 10:59:57,260 - INFO - Lower_Coil - current: -0.02, voltage: (-0.02539088626012686-0.03620716654090097j), flux: (-5.762549530647368e-07+2.847834759527706e-09j)
2025-02-19 10:59:57,262 - INFO - iteration 5/10
2025-02-19 10:59:57,262 - INFO - position: 0.0
2025-02-19 10:59:59,201 - INFO - Middle_Coil - current: 0, voltage: (6.504834096650026e-07+2.69960168435424e-05j), flux: (4.296549524441839e-10-1.035276500474555e-11j)
2025-02-19 10:59:59,202 - INFO - Upper_Coil - current: 0.02, voltage: (0.02535584725588342+0.03637712170911462j), flux: (5.789598735772569e-07-2.290171686891648e-09j)
2025-02-19 10:59:59,203 - INFO - Lower_Coil - current: -0.02, voltage: (-0.02535400710686352-0.03638001584094817j), flux: (-5.790059351159845e-07+2.260884805637181e-09j)
2025-02-19 10:59:59,206 - INFO - iteration 6/10
2025-02-19 10:59:59,206 - INFO - position: 1.0
2025-02-19 11:00:00,584 - INFO - Middle_Coil - current: 0, voltage: (2.552412641751648e-05-0.0001336945630611088j), flux: (-2.127815057568658e-09-4.062290887450177e-10j)
2025-02-19 11:00:00,585 - INFO - Upper_Coil - current: 0.02, voltage: (0.0253934124320194+0.03630059717863351j), flux: (5.777419478478711e-07-2.888040033907334e-09j)
2025-02-19 11:00:00,586 - INFO - Lower_Coil - current: -0.02, voltage: (-0.02531646655714423-0.0365229355519383j), flux: (-5.812805729629196e-07+1.663408400215563e-09j)
2025-02-19 11:00:00,588 - INFO - iteration 7/10
2025-02-19 11:00:00,588 - INFO - position: 2.0
2025-02-19 11:00:11,216 - INFO - Simulation Program Started
2025-02-19 11:00:11,217 - INFO - =====================================
2025-02-19 11:00:11,217 - INFO - Welcome to FEMM SimulatorManager
2025-02-19 11:00:11,219 - INFO - Loaded configuration file
2025-02-19 11:00:11,220 - INFO - Configuration saved to ../data\lvdt_alucore_with_magnet.json
2025-02-19 11:00:11,502 - INFO - FEMM session opened
2025-02-19 11:00:11,502 - INFO - FEMM session initialized
2025-02-19 11:00:11,503 - INFO - AirModel created
2025-02-19 11:00:11,503 - INFO - CoilModels created
2025-02-19 11:00:11,503 - INFO - CoreModel created
2025-02-19 11:00:11,503 - INFO - ShellModel created
2025-02-19 11:00:11,503 - INFO - All models created
2025-02-19 11:00:11,647 - INFO - iteration 0/10
2025-02-19 11:00:11,647 - INFO - position: -5.0
2025-02-19 11:00:12,750 - INFO - Middle_Coil - current: 0, voltage: (-0.0001210688551981371+0.0007080338326702799j), flux: (1.126870843457749e-08+1.926870675926043e-09j)
2025-02-19 11:00:12,751 - INFO - Upper_Coil - current: 0.02, voltage: (0.02519101176870472+0.03691068188711632j), flux: (5.874517475538533e-07+3.332665712534613e-10j)
2025-02-19 11:00:12,754 - INFO - Lower_Coil - current: -0.02, voltage: (-0.02549695175239-0.03557834171229742j), flux: (-5.662468950836189e-07+4.535919498042714e-09j)
2025-02-19 11:00:12,758 - INFO - iteration 1/10
2025-02-19 11:00:12,758 - INFO - position: -4.0
2025-02-19 11:00:13,908 - INFO - Middle_Coil - current: 0, voltage: (-9.636500859112331e-05+0.0006175713491282064j), flux: (9.828953292568472e-09+1.533696745837024e-09j)
2025-02-19 11:00:13,909 - INFO - Upper_Coil - current: 0.02, voltage: (0.02521681640221928+0.03689284136210889j), flux: (5.871678067796252e-07-7.742692659821921e-11j)
2025-02-19 11:00:13,912 - INFO - Lower_Coil - current: -0.02, voltage: (-0.02547616991149817-0.03561497904230895j), flux: (-5.668299963009219e-07+4.20516622759471e-09j)
2025-02-19 11:00:13,915 - INFO - iteration 2/10
2025-02-19 11:00:13,915 - INFO - position: -3.0
2025-02-19 11:00:15,084 - INFO - Middle_Coil - current: 0, voltage: (-7.25981263181965e-05+0.0004749467103139353j), flux: (7.559011665169728e-09+1.155435066275079e-09j)
2025-02-19 11:00:15,086 - INFO - Upper_Coil - current: 0.02, voltage: (0.02524644171704757+0.03682181307376717j), flux: (5.860373564607299e-07-5.489284561557452e-10j)
2025-02-19 11:00:15,087 - INFO - Lower_Coil - current: -0.02, voltage: (-0.0254537850884288-0.03591687773939573j), flux: (-5.716348632963583e-07+3.848900703421983e-09j)
2025-02-19 11:00:15,090 - INFO - iteration 3/10
2025-02-19 11:00:15,090 - INFO - position: -2.0
2025-02-19 11:00:16,225 - INFO - Middle_Coil - current: 0, voltage: (-4.71811914960656e-05+0.0003468046489209284j), flux: (5.519567416301511e-09+7.509119847564136e-10j)
2025-02-19 11:00:16,227 - INFO - Upper_Coil - current: 0.02, voltage: (0.02528166848089501+0.03662404260545115j), flux: (5.828897416977206e-07-1.109579815700517e-09j)
2025-02-19 11:00:16,228 - INFO - Lower_Coil - current: -0.02, voltage: (-0.0254227501258763-0.03601946458509064j), flux: (-5.732675836552124e-07+3.354963933531884e-09j)
2025-02-19 11:00:16,231 - INFO - iteration 4/10
2025-02-19 11:00:16,231 - INFO - position: -1.0
2025-02-19 11:00:17,455 - INFO - Middle_Coil - current: 0, voltage: (-2.40054642573442e-05+0.0001613180082433139j), flux: (2.567455842166252e-09+3.820588297772144e-10j)
2025-02-19 11:00:17,457 - INFO - Upper_Coil - current: 0.02, voltage: (0.02531774638018889+0.03648385054228382j), flux: (5.806585157141877e-07-1.683777416599904e-09j)
2025-02-19 11:00:17,460 - INFO - Lower_Coil - current: -0.02, voltage: (-0.02539160567466377-0.03629344557310869j), flux: (-5.776281265108404e-07+2.859284597495371e-09j)
2025-02-19 11:00:17,463 - INFO - iteration 5/10
2025-02-19 11:00:17,463 - INFO - position: 0.0
2025-02-19 11:00:19,477 - INFO - Middle_Coil - current: 0, voltage: (6.504834096650026e-07+2.69960168435424e-05j), flux: (4.296549524441839e-10-1.035276500474555e-11j)
2025-02-19 11:00:19,478 - INFO - Upper_Coil - current: 0.02, voltage: (0.02535584725588342+0.03637712170911462j), flux: (5.789598735772569e-07-2.290171686891648e-09j)
2025-02-19 11:00:19,478 - INFO - Lower_Coil - current: -0.02, voltage: (-0.02535400710686352-0.03638001584094817j), flux: (-5.790059351159845e-07+2.260884805637181e-09j)
2025-02-19 11:00:19,480 - INFO - iteration 6/10
2025-02-19 11:00:19,481 - INFO - position: 1.0
2025-02-19 11:00:20,782 - INFO - Middle_Coil - current: 0, voltage: (2.46227404097546e-05-0.000126343433163198j), flux: (-2.010818191512346e-09-3.918830848681006e-10j)
2025-02-19 11:00:20,782 - INFO - Upper_Coil - current: 0.02, voltage: (0.02539336591358033+0.03625583896152871j), flux: (5.770295986982502e-07-2.887299669955307e-09j)
2025-02-19 11:00:20,783 - INFO - Lower_Coil - current: -0.02, voltage: (-0.02531748753452665-0.03659018027615589j), flux: (-5.823508059885269e-07+1.679657759935538e-09j)
2025-02-19 11:00:20,786 - INFO - iteration 7/10
2025-02-19 11:00:20,786 - INFO - position: 2.0
2025-02-19 11:00:21,976 - INFO - Middle_Coil - current: 0, voltage: (4.94707440075115e-05-0.0002705785789909393j), flux: (-4.306391834118886e-09-7.873513447229216e-10j)
2025-02-19 11:00:21,977 - INFO - Upper_Coil - current: 0.02, voltage: (0.0254273001339614+0.03608898017880233j), flux: (5.74373958691331e-07-3.427379561316908e-09j)
2025-02-19 11:00:21,978 - INFO - Lower_Coil - current: -0.02, voltage: (-0.02528010014962061-0.03667449243455324j), flux: (-5.836926756656966e-07+1.084619048228043e-09j)
2025-02-19 11:00:21,982 - INFO - iteration 8/10
2025-02-19 11:00:21,982 - INFO - position: 3.0
2025-02-19 11:00:23,164 - INFO - Middle_Coil - current: 0, voltage: (7.562160243753389e-05-0.0003797529274843349j), flux: (-6.043955556274997e-09-1.203555183246364e-09j)
2025-02-19 11:00:23,166 - INFO - Upper_Coil - current: 0.02, voltage: (0.02545671759418478+0.03594180807385893j), flux: (5.720316418926329e-07-3.895572982092936e-09j)
2025-02-19 11:00:23,167 - INFO - Lower_Coil - current: -0.02, voltage: (-0.02524395829681669-0.03663244848930276j), flux: (-5.830235254943264e-07+5.094035956038016e-10j)
2025-02-19 11:00:23,170 - INFO - iteration 9/10
2025-02-19 11:00:23,170 - INFO - position: 4.0
2025-02-19 11:00:24,330 - INFO - Middle_Coil - current: 0, voltage: (9.732337878109302e-05-0.0005567598746452435j), flux: (-8.861108616501451e-09-1.548949681141583e-09j)
2025-02-19 11:00:24,331 - INFO - Upper_Coil - current: 0.02, voltage: (0.02547672981338259+0.03574119664224577j), flux: (5.688388117944355e-07-4.214077342849831e-09j)
2025-02-19 11:00:24,333 - INFO - Lower_Coil - current: -0.02, voltage: (-0.02521622286588311-0.03683975177551294j), flux: (-5.863228597662801e-07+6.798050241783201e-11j)
2025-02-19 11:00:24,336 - INFO - iteration 10/10
2025-02-19 11:00:24,336 - INFO - position: 5.0
2025-02-19 11:00:25,637 - INFO - Middle_Coil - current: 0, voltage: (0.0001216961786091922-0.0006525966066299348j), flux: (-1.038639757901513e-08-1.936854838104712e-09j)
2025-02-19 11:00:25,639 - INFO - Upper_Coil - current: 0.02, voltage: (0.02549669664300193+0.03564152400165979j), flux: (5.672524724504066e-07-4.531859306029333e-09j)
2025-02-19 11:00:25,640 - INFO - Lower_Coil - current: -0.02, voltage: (-0.0251903724698072-0.03691897427982331j), flux: (-5.875837250827916e-07-3.434413292187718e-10j)
2025-02-19 11:00:25,650 - INFO - LVDT simulation results saved to ../data\lvdt_alucore_with_magnet.hdf5
2025-02-19 11:00:25,650 - INFO - Simulation completed
2025-02-19 11:00:25,650 - INFO - =====================================
2025-02-19 11:04:35,259 - INFO - Simulation Program Started
2025-02-19 11:04:35,259 - INFO - =====================================
2025-02-19 11:04:35,259 - INFO - Welcome to FEMM SimulatorManager
2025-02-19 11:04:35,261 - INFO - Loaded configuration file
2025-02-19 11:04:35,263 - INFO - Configuration saved to ../data\lvdt_alucore_with_magnet_only.json
2025-02-19 11:04:35,540 - INFO - FEMM session opened
2025-02-19 11:04:35,540 - INFO - FEMM session initialized
2025-02-19 11:04:35,540 - INFO - AirModel created
2025-02-19 11:04:35,540 - INFO - CoilModels created
2025-02-19 11:04:35,541 - INFO - CoreModel created
2025-02-19 11:04:35,541 - INFO - All models created
2025-02-19 11:04:35,653 - INFO - iteration 0/10
2025-02-19 11:04:35,660 - INFO - position: -5.0
2025-02-19 11:04:36,547 - INFO - Middle_Coil - current: 0, voltage: (-6.196567590092885e-06+9.371257646967265e-06j), flux: (1.491481977502564e-10+9.862143621663162e-11j)
2025-02-19 11:04:36,548 - INFO - Upper_Coil - current: 0.02, voltage: (0.02521882995146457+0.03672606377881368j), flux: (5.845134591017904e-07-1.094735581529363e-10j)
2025-02-19 11:04:36,549 - INFO - Lower_Coil - current: -0.02, voltage: (-0.02522950288745082-0.03675972906415267j), flux: (-5.850492587590198e-07+2.793386101043576e-10j)
2025-02-19 11:04:36,551 - INFO - iteration 1/10
2025-02-19 11:04:36,551 - INFO - position: -4.0
2025-02-19 11:04:37,429 - INFO - Middle_Coil - current: 0, voltage: (-5.269097806288953e-06+2.504957838801278e-05j), flux: (3.986764222820145e-10+8.386029615055488e-11j)
2025-02-19 11:04:37,430 - INFO - Upper_Coil - current: 0.02, voltage: (0.02521928243109282+0.03682405506311179j), flux: (5.860730388293874e-07-1.166749951013701e-10j)
2025-02-19 11:04:37,431 - INFO - Lower_Coil - current: -0.02, voltage: (-0.0252281372890555-0.036802075269395j), flux: (-5.857232195475702e-07+2.576044366148934e-10j)
2025-02-19 11:04:37,436 - INFO - iteration 2/10
2025-02-19 11:04:37,436 - INFO - position: -3.0
2025-02-19 11:04:38,247 - INFO - Middle_Coil - current: 0, voltage: (-4.197425906288656e-06+2.6736997024954e-05j), flux: (4.255325239954729e-10+6.680410812478182e-11j)
2025-02-19 11:04:38,248 - INFO - Upper_Coil - current: 0.02, voltage: (0.02521987797535585+0.03686113155447987j), flux: (5.866631295167603e-07-1.261533764308132e-10j)
2025-02-19 11:04:38,250 - INFO - Lower_Coil - current: -0.02, voltage: (-0.02522678853807153-0.03678338774656242j), flux: (-5.854257983842746e-07+2.36138398005044e-10j)
2025-02-19 11:04:38,252 - INFO - iteration 3/10
2025-02-19 11:04:38,253 - INFO - position: -2.0
2025-02-19 11:04:39,042 - INFO - Middle_Coil - current: 0, voltage: (-2.923004877704179e-06+3.977538415177353e-05j), flux: (6.330449001133791e-10+4.652106749683411e-11j)
2025-02-19 11:04:39,043 - INFO - Upper_Coil - current: 0.02, voltage: (0.02522066400649484+0.03683876462787565j), flux: (5.863071488236774e-07-1.386634505496549e-10j)
2025-02-19 11:04:39,043 - INFO - Lower_Coil - current: -0.02, voltage: (-0.02522538889989414-0.03677117699828326j), flux: (-5.852314582895271e-07+2.138624645580601e-10j)
2025-02-19 11:04:39,046 - INFO - iteration 4/10
2025-02-19 11:04:39,046 - INFO - position: -1.0
2025-02-19 11:04:39,854 - INFO - Middle_Coil - current: 0, voltage: (-1.510037955516227e-06+2.548128408283922e-06j), flux: (4.055472318112695e-11+2.403300048767871e-11j)
2025-02-19 11:04:39,855 - INFO - Upper_Coil - current: 0.02, voltage: (0.02522161795026426+0.03683926605619268j), flux: (5.863151293032035e-07-1.538459371833439e-10j)
2025-02-19 11:04:39,856 - INFO - Lower_Coil - current: -0.02, voltage: (-0.02522400917944986-0.03682724118603572j), flux: (-5.861237475506508e-07+1.919035316790084e-10j)
2025-02-19 11:04:39,859 - INFO - iteration 5/10
2025-02-19 11:04:39,859 - INFO - position: 0.0
2025-02-19 11:04:41,249 - INFO - Middle_Coil - current: 0, voltage: (1.258318082674801e-08-4.165064664174163e-06j), flux: (-6.628906296007032e-11-2.002675428396107e-13j)
2025-02-19 11:04:41,251 - INFO - Upper_Coil - current: 0.02, voltage: (0.02522278563719299+0.03682045270151169j), flux: (5.860157054638414e-07-1.724302518523941e-10j)
2025-02-19 11:04:41,253 - INFO - Lower_Coil - current: -0.02, voltage: (-0.02522273773048932-0.03683112995084558j), flux: (-5.861856391648515e-07+1.716677929833124e-10j)
2025-02-19 11:04:41,257 - INFO - iteration 6/10
2025-02-19 11:04:41,257 - INFO - position: 1.0
2025-02-19 11:04:42,099 - INFO - Middle_Coil - current: 0, voltage: (1.4857072520785e-06+2.615144430720193e-05j), flux: (4.162131630483594e-10-2.364576531557699e-11j)
2025-02-19 11:04:42,100 - INFO - Upper_Coil - current: 0.02, voltage: (0.02522405526405111+0.03682169890777286j), flux: (5.860355394524983e-07-1.926369908878461e-10j)
2025-02-19 11:04:42,101 - INFO - Lower_Coil - current: -0.02, voltage: (-0.02522162498413601-0.03682488208299798j), flux: (-5.860862012596778e-07+1.539578847297029e-10j)
2025-02-19 11:04:42,104 - INFO - iteration 7/10
2025-02-19 11:04:42,105 - INFO - position: 2.0
2025-02-19 11:04:43,010 - INFO - Middle_Coil - current: 0, voltage: (2.953143886885043e-06-2.39411556275535e-05j), flux: (-3.810353261457487e-10-4.700074472593676e-11j)
2025-02-19 11:04:43,011 - INFO - Upper_Coil - current: 0.02, voltage: (0.0252254000170125+0.03680393398104075j), flux: (5.857528018621902e-07-2.140393989913844e-10j)
2025-02-19 11:04:43,011 - INFO - Lower_Coil - current: -0.02, voltage: (-0.02522061259430142-0.03681781217118432j), flux: (-5.859736801184419e-07+1.378452000781483e-10j)
2025-02-19 11:04:43,014 - INFO - iteration 8/10
2025-02-19 11:04:43,014 - INFO - position: 3.0
2025-02-19 11:04:43,791 - INFO - Middle_Coil - current: 0, voltage: (4.190467273086898e-06+3.1409083631846e-06j), flux: (4.998910917995031e-11-6.669335803765951e-11j)
2025-02-19 11:04:43,793 - INFO - Upper_Coil - current: 0.02, voltage: (0.02522677189327822+0.03682215202416303j), flux: (5.86042751023828e-07-2.358734878915794e-10j)
2025-02-19 11:04:43,794 - INFO - Lower_Coil - current: -0.02, voltage: (-0.02521986459086617-0.03685655981221957j), flux: (-5.865903679788317e-07+1.259403556614957e-10j)
2025-02-19 11:04:43,797 - INFO - iteration 9/10
2025-02-19 11:04:43,797 - INFO - position: 4.0
2025-02-19 11:04:44,558 - INFO - Middle_Coil - current: 0, voltage: (5.344384411937512e-06+3.362857517643691e-05j), flux: (5.352153968467341e-10-8.505851969431272e-11j)
2025-02-19 11:04:44,558 - INFO - Upper_Coil - current: 0.02, voltage: (0.02522822825570342+0.03685574953518402j), flux: (5.865774720192851e-07-2.590522157821774e-10j)
2025-02-19 11:04:44,558 - INFO - Lower_Coil - current: -0.02, voltage: (-0.02521920704207111-0.03661920151704672j), flux: (-5.828126933827706e-07+1.154751415554066e-10j)
2025-02-19 11:04:44,561 - INFO - iteration 10/10
2025-02-19 11:04:44,563 - INFO - position: 5.0
2025-02-19 11:04:45,402 - INFO - Middle_Coil - current: 0, voltage: (6.132867760351195e-06-5.367748274854157e-05j), flux: (-8.543036712160327e-10-9.76076219388814e-11j)
2025-02-19 11:04:45,403 - INFO - Upper_Coil - current: 0.02, voltage: (0.025229414323341+0.03671461906228724j), flux: (5.843313107810427e-07-2.779290685180509e-10j)
2025-02-19 11:04:45,404 - INFO - Lower_Coil - current: -0.02, voltage: (-0.02521881900174998-0.03670887087269177j), flux: (-5.84239825502248e-07+1.092992880324801e-10j)
2025-02-19 11:04:45,422 - INFO - LVDT simulation results saved to ../data\lvdt_alucore_with_magnet_only.hdf5
2025-02-19 11:04:45,423 - INFO - Simulation completed
2025-02-19 11:04:45,423 - INFO - =====================================
2025-02-19 11:55:56,217 - INFO - Simulation Program Started
2025-02-19 11:55:56,218 - INFO - =====================================
2025-02-19 11:55:56,218 - INFO - Welcome to FEMM SimulatorManager
2025-02-19 11:55:56,243 - INFO - Loaded configuration file
2025-02-19 11:56:24,589 - INFO - AirModel created
2025-02-19 11:56:24,589 - INFO - CoilModels created
2025-02-19 11:56:24,590 - INFO - CoreModel created
2025-02-19 11:56:24,590 - INFO - All models created
2025-02-19 12:15:05,893 - INFO - Simulation Program Started
2025-02-19 12:15:05,894 - INFO - =====================================
2025-02-19 12:15:05,894 - INFO - Welcome to FEMM SimulatorManager
2025-02-19 12:15:05,895 - INFO - Loaded configuration file
2025-02-19 12:15:07,445 - INFO - AirModel created
2025-02-19 12:15:07,446 - INFO - CoilModels created
2025-02-19 12:15:07,446 - INFO - CoreModel created
2025-02-19 12:15:07,446 - INFO - All models created
2025-02-19 12:15:17,500 - INFO - Simulation Program Started
2025-02-19 12:15:17,501 - INFO - =====================================
2025-02-19 12:15:17,501 - INFO - Welcome to FEMM SimulatorManager
2025-02-19 12:15:17,502 - INFO - Loaded configuration file
2025-02-19 12:15:18,549 - INFO - AirModel created
2025-02-19 12:15:18,550 - INFO - CoilModels created
2025-02-19 12:15:18,550 - INFO - CoreModel created
2025-02-19 12:15:18,550 - INFO - All models created
2025-02-19 12:20:39,748 - INFO - Simulation Program Started
2025-02-19 12:20:39,749 - INFO - =====================================
2025-02-19 12:20:39,749 - INFO - Welcome to FEMM SimulatorManager
2025-02-19 12:20:39,749 - INFO - Loaded configuration file
2025-02-19 12:20:41,052 - INFO - AirModel created
2025-02-19 12:20:41,055 - INFO - CoilModels created
2025-02-19 12:20:41,055 - INFO - Created 1 CoreModels
2025-02-19 12:20:41,056 - INFO - All models created
2025-02-19 12:23:27,229 - INFO - Simulation Program Started
2025-02-19 12:23:27,231 - INFO - =====================================
2025-02-19 12:23:27,231 - INFO - Welcome to FEMM SimulatorManager
2025-02-19 12:23:27,232 - INFO - Loaded configuration file
2025-02-19 12:23:41,616 - INFO - Configuration saved to ../data\lvdt_alucore_with_magnet_only.json
2025-02-19 12:23:41,945 - INFO - FEMM session opened
2025-02-19 12:23:41,945 - INFO - FEMM session initialized
2025-02-19 12:23:41,946 - INFO - AirModel created
2025-02-19 12:23:41,946 - INFO - CoilModels created
2025-02-19 12:23:41,946 - INFO - Created 1 CoreModels
2025-02-19 12:23:41,946 - INFO - All models created
2025-02-19 12:23:42,161 - INFO - iteration 0/10
2025-02-19 12:23:42,162 - INFO - position: -5.0
2025-02-19 12:23:42,944 - INFO - Middle_Coil - current: 0, voltage: (-6.196567590092885e-06+9.371257646967265e-06j), flux: (1.491481977502564e-10+9.862143621663162e-11j)
2025-02-19 12:23:42,945 - INFO - Upper_Coil - current: 0.02, voltage: (0.02521882995146457+0.03672606377881368j), flux: (5.845134591017904e-07-1.094735581529363e-10j)
2025-02-19 12:23:42,946 - INFO - Lower_Coil - current: -0.02, voltage: (-0.02522950288745082-0.03675972906415267j), flux: (-5.850492587590198e-07+2.793386101043576e-10j)
2025-02-19 12:23:42,949 - INFO - iteration 1/10
2025-02-19 12:23:42,949 - INFO - position: -4.0
2025-02-19 12:23:43,688 - INFO - Middle_Coil - current: 0, voltage: (-5.269097806288953e-06+2.504957838801278e-05j), flux: (3.986764222820145e-10+8.386029615055488e-11j)
2025-02-19 12:23:43,690 - INFO - Upper_Coil - current: 0.02, voltage: (0.02521928243109282+0.03682405506311179j), flux: (5.860730388293874e-07-1.166749951013701e-10j)
2025-02-19 12:23:43,691 - INFO - Lower_Coil - current: -0.02, voltage: (-0.0252281372890555-0.036802075269395j), flux: (-5.857232195475702e-07+2.576044366148934e-10j)
2025-02-19 12:23:43,694 - INFO - iteration 2/10
2025-02-19 12:23:43,694 - INFO - position: -3.0
2025-02-19 12:23:44,481 - INFO - Middle_Coil - current: 0, voltage: (-4.197425906288656e-06+2.6736997024954e-05j), flux: (4.255325239954729e-10+6.680410812478182e-11j)
2025-02-19 12:23:44,482 - INFO - Upper_Coil - current: 0.02, voltage: (0.02521987797535585+0.03686113155447987j), flux: (5.866631295167603e-07-1.261533764308132e-10j)
2025-02-19 12:23:44,484 - INFO - Lower_Coil - current: -0.02, voltage: (-0.02522678853807153-0.03678338774656242j), flux: (-5.854257983842746e-07+2.36138398005044e-10j)
2025-02-19 12:23:44,486 - INFO - iteration 3/10
2025-02-19 12:23:44,487 - INFO - position: -2.0
2025-02-19 12:23:45,202 - INFO - Middle_Coil - current: 0, voltage: (-2.923004877704179e-06+3.977538415177353e-05j), flux: (6.330449001133791e-10+4.652106749683411e-11j)
2025-02-19 12:23:45,203 - INFO - Upper_Coil - current: 0.02, voltage: (0.02522066400649484+0.03683876462787565j), flux: (5.863071488236774e-07-1.386634505496549e-10j)
2025-02-19 12:23:45,205 - INFO - Lower_Coil - current: -0.02, voltage: (-0.02522538889989414-0.03677117699828326j), flux: (-5.852314582895271e-07+2.138624645580601e-10j)
2025-02-19 12:23:45,207 - INFO - iteration 4/10
2025-02-19 12:23:45,208 - INFO - position: -1.0
2025-02-19 12:23:45,929 - INFO - Middle_Coil - current: 0, voltage: (-1.510037955516227e-06+2.548128408283922e-06j), flux: (4.055472318112695e-11+2.403300048767871e-11j)
2025-02-19 12:23:45,929 - INFO - Upper_Coil - current: 0.02, voltage: (0.02522161795026426+0.03683926605619268j), flux: (5.863151293032035e-07-1.538459371833439e-10j)
2025-02-19 12:23:45,930 - INFO - Lower_Coil - current: -0.02, voltage: (-0.02522400917944986-0.03682724118603572j), flux: (-5.861237475506508e-07+1.919035316790084e-10j)
2025-02-19 12:23:45,932 - INFO - iteration 5/10
2025-02-19 12:23:45,932 - INFO - position: 0.0
2025-02-19 12:23:47,214 - INFO - Middle_Coil - current: 0, voltage: (1.258318082674801e-08-4.165064664174163e-06j), flux: (-6.628906296007032e-11-2.002675428396107e-13j)
2025-02-19 12:23:47,215 - INFO - Upper_Coil - current: 0.02, voltage: (0.02522278563719299+0.03682045270151169j), flux: (5.860157054638414e-07-1.724302518523941e-10j)
2025-02-19 12:23:47,216 - INFO - Lower_Coil - current: -0.02, voltage: (-0.02522273773048932-0.03683112995084558j), flux: (-5.861856391648515e-07+1.716677929833124e-10j)
2025-02-19 12:23:47,218 - INFO - iteration 6/10
2025-02-19 12:23:47,218 - INFO - position: 1.0
2025-02-19 12:23:48,204 - INFO - Middle_Coil - current: 0, voltage: (1.4857072520785e-06+2.615144430720193e-05j), flux: (4.162131630483594e-10-2.364576531557699e-11j)
2025-02-19 12:23:48,206 - INFO - Upper_Coil - current: 0.02, voltage: (0.02522405526405111+0.03682169890777286j), flux: (5.860355394524983e-07-1.926369908878461e-10j)
2025-02-19 12:23:48,206 - INFO - Lower_Coil - current: -0.02, voltage: (-0.02522162498413601-0.03682488208299798j), flux: (-5.860862012596778e-07+1.539578847297029e-10j)
2025-02-19 12:23:48,210 - INFO - iteration 7/10
2025-02-19 12:23:48,210 - INFO - position: 2.0
2025-02-19 12:23:48,993 - INFO - Middle_Coil - current: 0, voltage: (2.953143886885043e-06-2.39411556275535e-05j), flux: (-3.810353261457487e-10-4.700074472593676e-11j)
2025-02-19 12:23:48,995 - INFO - Upper_Coil - current: 0.02, voltage: (0.0252254000170125+0.03680393398104075j), flux: (5.857528018621902e-07-2.140393989913844e-10j)
2025-02-19 12:23:48,996 - INFO - Lower_Coil - current: -0.02, voltage: (-0.02522061259430142-0.03681781217118432j), flux: (-5.859736801184419e-07+1.378452000781483e-10j)
2025-02-19 12:23:48,998 - INFO - iteration 8/10
2025-02-19 12:23:48,998 - INFO - position: 3.0
2025-02-19 12:23:49,739 - INFO - Middle_Coil - current: 0, voltage: (4.190467273086898e-06+3.1409083631846e-06j), flux: (4.998910917995031e-11-6.669335803765951e-11j)
2025-02-19 12:23:49,740 - INFO - Upper_Coil - current: 0.02, voltage: (0.02522677189327822+0.03682215202416303j), flux: (5.86042751023828e-07-2.358734878915794e-10j)
2025-02-19 12:23:49,741 - INFO - Lower_Coil - current: -0.02, voltage: (-0.02521986459086617-0.03685655981221957j), flux: (-5.865903679788317e-07+1.259403556614957e-10j)
2025-02-19 12:23:49,744 - INFO - iteration 9/10
2025-02-19 12:23:49,744 - INFO - position: 4.0
2025-02-19 12:23:50,400 - INFO - Middle_Coil - current: 0, voltage: (5.344384411937512e-06+3.362857517643691e-05j), flux: (5.352153968467341e-10-8.505851969431272e-11j)
2025-02-19 12:23:50,401 - INFO - Upper_Coil - current: 0.02, voltage: (0.02522822825570342+0.03685574953518402j), flux: (5.865774720192851e-07-2.590522157821774e-10j)
2025-02-19 12:23:50,401 - INFO - Lower_Coil - current: -0.02, voltage: (-0.02521920704207111-0.03661920151704672j), flux: (-5.828126933827706e-07+1.154751415554066e-10j)
2025-02-19 12:23:50,404 - INFO - iteration 10/10
2025-02-19 12:23:50,404 - INFO - position: 5.0
2025-02-19 12:23:51,139 - INFO - Middle_Coil - current: 0, voltage: (6.132867760351195e-06-5.367748274854157e-05j), flux: (-8.543036712160327e-10-9.76076219388814e-11j)
2025-02-19 12:23:51,140 - INFO - Upper_Coil - current: 0.02, voltage: (0.025229414323341+0.03671461906228724j), flux: (5.843313107810427e-07-2.779290685180509e-10j)
2025-02-19 12:23:51,141 - INFO - Lower_Coil - current: -0.02, voltage: (-0.02521881900174998-0.03670887087269177j), flux: (-5.84239825502248e-07+1.092992880324801e-10j)
2025-02-19 12:23:51,173 - INFO - LVDT simulation results saved to ../data\lvdt_alucore_with_magnet_only.hdf5
2025-02-19 12:23:51,174 - INFO - Simulation completed
2025-02-19 12:23:51,174 - INFO - =====================================
2025-02-19 13:26:36,596 - INFO - Simulation Program Started
2025-02-19 13:26:36,596 - INFO - =====================================
2025-02-19 13:26:36,596 - INFO - Welcome to FEMM SimulatorManager
2025-02-19 13:26:36,597 - INFO - Loaded configuration file
2025-02-19 13:27:26,135 - INFO - Simulation Program Started
2025-02-19 13:27:26,135 - INFO - =====================================
2025-02-19 13:27:26,135 - INFO - Welcome to FEMM SimulatorManager
2025-02-19 13:27:26,135 - INFO - Loaded configuration file
2025-02-19 13:27:28,132 - INFO - AirModel created
2025-02-19 13:27:28,132 - INFO - CoilModels created
2025-02-19 13:27:28,133 - INFO - Created 1 CoreModels
2025-02-19 13:27:28,133 - INFO - All models created
2025-02-19 13:29:30,355 - INFO - Simulation Program Started
2025-02-19 13:29:30,356 - INFO - =====================================
2025-02-19 13:29:30,356 - INFO - Welcome to FEMM SimulatorManager
2025-02-19 13:29:30,356 - INFO - Loaded configuration file
2025-02-19 13:29:32,494 - INFO - AirModel created
2025-02-19 13:29:32,494 - INFO - CoilModels created
2025-02-19 13:29:32,495 - INFO - Created 1 CoreModels
2025-02-19 13:29:32,495 - INFO - All models created
2025-02-19 13:48:05,675 - INFO - Simulation Program Started
2025-02-19 13:48:05,676 - INFO - =====================================
2025-02-19 13:48:05,676 - INFO - Welcome to FEMM SimulatorManager
2025-02-19 13:48:05,677 - INFO - Loaded configuration file
2025-02-19 13:48:07,675 - INFO - Configuration saved to ../data\lvdt_alucore_with_magnet_only.json
2025-02-19 13:48:07,999 - INFO - FEMM session opened
2025-02-19 13:48:07,999 - INFO - FEMM session initialized
2025-02-19 13:48:07,999 - INFO - AirModel created
2025-02-19 13:48:08,000 - INFO - CoilModels created
2025-02-19 13:48:08,000 - INFO - Created 1 CoreModels
2025-02-19 13:48:08,000 - INFO - All models created
2025-02-19 13:48:08,098 - INFO - iteration 0/10
2025-02-19 13:48:08,098 - INFO - position: -5.0
2025-02-19 13:48:08,822 - INFO - Middle_Coil - current: 0, voltage: (-6.196567590092885e-06+9.371257646967265e-06j), flux: (1.491481977502564e-10+9.862143621663162e-11j)
2025-02-19 13:48:08,823 - INFO - Upper_Coil - current: 0.02, voltage: (0.02521882995146457+0.03672606377881368j), flux: (5.845134591017904e-07-1.094735581529363e-10j)
2025-02-19 13:48:08,823 - INFO - Lower_Coil - current: -0.02, voltage: (-0.02522950288745082-0.03675972906415267j), flux: (-5.850492587590198e-07+2.793386101043576e-10j)
2025-02-19 13:48:08,829 - INFO - iteration 1/10
2025-02-19 13:48:08,829 - INFO - position: -4.0
2025-02-19 13:48:09,486 - INFO - Middle_Coil - current: 0, voltage: (-5.269097806288953e-06+2.504957838801278e-05j), flux: (3.986764222820145e-10+8.386029615055488e-11j)
2025-02-19 13:48:09,487 - INFO - Upper_Coil - current: 0.02, voltage: (0.02521928243109282+0.03682405506311179j), flux: (5.860730388293874e-07-1.166749951013701e-10j)
2025-02-19 13:48:09,488 - INFO - Lower_Coil - current: -0.02, voltage: (-0.0252281372890555-0.036802075269395j), flux: (-5.857232195475702e-07+2.576044366148934e-10j)
2025-02-19 13:48:09,490 - INFO - iteration 2/10
2025-02-19 13:48:09,490 - INFO - position: -3.0
2025-02-19 13:48:10,248 - INFO - Middle_Coil - current: 0, voltage: (-4.197425906288656e-06+2.6736997024954e-05j), flux: (4.255325239954729e-10+6.680410812478182e-11j)
2025-02-19 13:48:10,250 - INFO - Upper_Coil - current: 0.02, voltage: (0.02521987797535585+0.03686113155447987j), flux: (5.866631295167603e-07-1.261533764308132e-10j)
2025-02-19 13:48:10,252 - INFO - Lower_Coil - current: -0.02, voltage: (-0.02522678853807153-0.03678338774656242j), flux: (-5.854257983842746e-07+2.36138398005044e-10j)
2025-02-19 13:48:10,255 - INFO - iteration 3/10
2025-02-19 13:48:10,256 - INFO - position: -2.0
2025-02-19 13:48:10,980 - INFO - Middle_Coil - current: 0, voltage: (-2.923004877704179e-06+3.977538415177353e-05j), flux: (6.330449001133791e-10+4.652106749683411e-11j)
2025-02-19 13:48:10,981 - INFO - Upper_Coil - current: 0.02, voltage: (0.02522066400649484+0.03683876462787565j), flux: (5.863071488236774e-07-1.386634505496549e-10j)
2025-02-19 13:48:10,982 - INFO - Lower_Coil - current: -0.02, voltage: (-0.02522538889989414-0.03677117699828326j), flux: (-5.852314582895271e-07+2.138624645580601e-10j)
2025-02-19 13:48:10,984 - INFO - iteration 4/10
2025-02-19 13:48:10,985 - INFO - position: -1.0
2025-02-19 13:48:11,624 - INFO - Middle_Coil - current: 0, voltage: (-1.510037955516227e-06+2.548128408283922e-06j), flux: (4.055472318112695e-11+2.403300048767871e-11j)
2025-02-19 13:48:11,626 - INFO - Upper_Coil - current: 0.02, voltage: (0.02522161795026426+0.03683926605619268j), flux: (5.863151293032035e-07-1.538459371833439e-10j)
2025-02-19 13:48:11,626 - INFO - Lower_Coil - current: -0.02, voltage: (-0.02522400917944986-0.03682724118603572j), flux: (-5.861237475506508e-07+1.919035316790084e-10j)
2025-02-19 13:48:11,628 - INFO - iteration 5/10
2025-02-19 13:48:11,629 - INFO - position: 0.0
2025-02-19 13:48:13,332 - INFO - Middle_Coil - current: 0, voltage: (1.258318082674801e-08-4.165064664174163e-06j), flux: (-6.628906296007032e-11-2.002675428396107e-13j)
2025-02-19 13:48:13,334 - INFO - Upper_Coil - current: 0.02, voltage: (0.02522278563719299+0.03682045270151169j), flux: (5.860157054638414e-07-1.724302518523941e-10j)
2025-02-19 13:48:13,336 - INFO - Lower_Coil - current: -0.02, voltage: (-0.02522273773048932-0.03683112995084558j), flux: (-5.861856391648515e-07+1.716677929833124e-10j)
2025-02-19 13:48:13,341 - INFO - iteration 6/10
2025-02-19 13:48:13,341 - INFO - position: 1.0
2025-02-19 13:48:14,202 - INFO - Middle_Coil - current: 0, voltage: (1.4857072520785e-06+2.615144430720193e-05j), flux: (4.162131630483594e-10-2.364576531557699e-11j)
2025-02-19 13:48:14,203 - INFO - Upper_Coil - current: 0.02, voltage: (0.02522405526405111+0.03682169890777286j), flux: (5.860355394524983e-07-1.926369908878461e-10j)
2025-02-19 13:48:14,204 - INFO - Lower_Coil - current: -0.02, voltage: (-0.02522162498413601-0.03682488208299798j), flux: (-5.860862012596778e-07+1.539578847297029e-10j)
2025-02-19 13:48:14,206 - INFO - iteration 7/10
2025-02-19 13:48:14,206 - INFO - position: 2.0
2025-02-19 13:48:14,989 - INFO - Middle_Coil - current: 0, voltage: (2.953143886885043e-06-2.39411556275535e-05j), flux: (-3.810353261457487e-10-4.700074472593676e-11j)
2025-02-19 13:48:14,989 - INFO - Upper_Coil - current: 0.02, voltage: (0.0252254000170125+0.03680393398104075j), flux: (5.857528018621902e-07-2.140393989913844e-10j)
2025-02-19 13:48:14,990 - INFO - Lower_Coil - current: -0.02, voltage: (-0.02522061259430142-0.03681781217118432j), flux: (-5.859736801184419e-07+1.378452000781483e-10j)
2025-02-19 13:48:14,993 - INFO - iteration 8/10
2025-02-19 13:48:14,993 - INFO - position: 3.0
2025-02-19 13:48:15,648 - INFO - Middle_Coil - current: 0, voltage: (4.190467273086898e-06+3.1409083631846e-06j), flux: (4.998910917995031e-11-6.669335803765951e-11j)
2025-02-19 13:48:15,649 - INFO - Upper_Coil - current: 0.02, voltage: (0.02522677189327822+0.03682215202416303j), flux: (5.86042751023828e-07-2.358734878915794e-10j)
2025-02-19 13:48:15,651 - INFO - Lower_Coil - current: -0.02, voltage: (-0.02521986459086617-0.03685655981221957j), flux: (-5.865903679788317e-07+1.259403556614957e-10j)
2025-02-19 13:48:15,655 - INFO - iteration 9/10
2025-02-19 13:48:15,655 - INFO - position: 4.0
2025-02-19 13:48:16,456 - INFO - Middle_Coil - current: 0, voltage: (5.344384411937512e-06+3.362857517643691e-05j), flux: (5.352153968467341e-10-8.505851969431272e-11j)
2025-02-19 13:48:16,458 - INFO - Upper_Coil - current: 0.02, voltage: (0.02522822825570342+0.03685574953518402j), flux: (5.865774720192851e-07-2.590522157821774e-10j)
2025-02-19 13:48:16,459 - INFO - Lower_Coil - current: -0.02, voltage: (-0.02521920704207111-0.03661920151704672j), flux: (-5.828126933827706e-07+1.154751415554066e-10j)
2025-02-19 13:48:16,461 - INFO - iteration 10/10
2025-02-19 13:48:16,461 - INFO - position: 5.0
2025-02-19 13:48:17,206 - INFO - Middle_Coil - current: 0, voltage: (6.132867760351195e-06-5.367748274854157e-05j), flux: (-8.543036712160327e-10-9.76076219388814e-11j)
2025-02-19 13:48:17,207 - INFO - Upper_Coil - current: 0.02, voltage: (0.025229414323341+0.03671461906228724j), flux: (5.843313107810427e-07-2.779290685180509e-10j)
2025-02-19 13:48:17,208 - INFO - Lower_Coil - current: -0.02, voltage: (-0.02521881900174998-0.03670887087269177j), flux: (-5.84239825502248e-07+1.092992880324801e-10j)
2025-02-19 13:48:17,228 - INFO - LVDT simulation results saved to ../data\lvdt_alucore_with_magnet_only.hdf5
2025-02-19 13:48:17,228 - INFO - Simulation completed
2025-02-19 13:48:17,228 - INFO - =====================================
2025-02-19 13:49:41,953 - INFO - Simulation Program Started
2025-02-19 13:49:41,954 - INFO - =====================================
2025-02-19 13:49:41,954 - INFO - Welcome to FEMM SimulatorManager
2025-02-19 13:49:41,955 - INFO - Loaded configuration file
2025-02-19 13:49:41,956 - INFO - Configuration saved to ../data\lvdt_alucore_with_magnet_only.json
2025-02-19 13:49:42,314 - INFO - FEMM session opened
2025-02-19 13:49:42,314 - INFO - FEMM session initialized
2025-02-19 13:49:42,314 - INFO - AirModel created
2025-02-19 13:49:42,315 - INFO - CoilModels created
2025-02-19 13:49:42,315 - INFO - Created 1 CoreModels
2025-02-19 13:49:42,315 - INFO - All models created
2025-02-19 13:49:42,424 - INFO - iteration 0/10
2025-02-19 13:49:42,425 - INFO - position: -5.0
2025-02-19 13:49:43,189 - INFO - Middle_Coil - current: 0, voltage: (-6.196567590092885e-06+9.371257646967265e-06j), flux: (1.491481977502564e-10+9.862143621663162e-11j)
2025-02-19 13:49:43,190 - INFO - Upper_Coil - current: 0.02, voltage: (0.02521882995146457+0.03672606377881368j), flux: (5.845134591017904e-07-1.094735581529363e-10j)
2025-02-19 13:49:43,190 - INFO - Lower_Coil - current: -0.02, voltage: (-0.02522950288745082-0.03675972906415267j), flux: (-5.850492587590198e-07+2.793386101043576e-10j)
2025-02-19 13:49:43,193 - INFO - iteration 1/10
2025-02-19 13:49:43,195 - INFO - position: -4.0
2025-02-19 13:49:43,989 - INFO - Middle_Coil - current: 0, voltage: (-5.269097806288953e-06+2.504957838801278e-05j), flux: (3.986764222820145e-10+8.386029615055488e-11j)
2025-02-19 13:49:43,991 - INFO - Upper_Coil - current: 0.02, voltage: (0.02521928243109282+0.03682405506311179j), flux: (5.860730388293874e-07-1.166749951013701e-10j)
2025-02-19 13:49:43,991 - INFO - Lower_Coil - current: -0.02, voltage: (-0.0252281372890555-0.036802075269395j), flux: (-5.857232195475702e-07+2.576044366148934e-10j)
2025-02-19 13:49:43,993 - INFO - iteration 2/10
2025-02-19 13:49:43,994 - INFO - position: -3.0
2025-02-19 13:49:44,640 - INFO - Middle_Coil - current: 0, voltage: (-4.197425906288656e-06+2.6736997024954e-05j), flux: (4.255325239954729e-10+6.680410812478182e-11j)
2025-02-19 13:49:44,641 - INFO - Upper_Coil - current: 0.02, voltage: (0.02521987797535585+0.03686113155447987j), flux: (5.866631295167603e-07-1.261533764308132e-10j)
2025-02-19 13:49:44,642 - INFO - Lower_Coil - current: -0.02, voltage: (-0.02522678853807153-0.03678338774656242j), flux: (-5.854257983842746e-07+2.36138398005044e-10j)
2025-02-19 13:49:44,645 - INFO - iteration 3/10
2025-02-19 13:49:44,645 - INFO - position: -2.0
2025-02-19 13:49:45,369 - INFO - Middle_Coil - current: 0, voltage: (-2.923004877704179e-06+3.977538415177353e-05j), flux: (6.330449001133791e-10+4.652106749683411e-11j)
2025-02-19 13:49:45,370 - INFO - Upper_Coil - current: 0.02, voltage: (0.02522066400649484+0.03683876462787565j), flux: (5.863071488236774e-07-1.386634505496549e-10j)
2025-02-19 13:49:45,371 - INFO - Lower_Coil - current: -0.02, voltage: (-0.02522538889989414-0.03677117699828326j), flux: (-5.852314582895271e-07+2.138624645580601e-10j)
2025-02-19 13:49:45,373 - INFO - iteration 4/10
2025-02-19 13:49:45,373 - INFO - position: -1.0
2025-02-19 13:49:46,122 - INFO - Middle_Coil - current: 0, voltage: (-1.510037955516227e-06+2.548128408283922e-06j), flux: (4.055472318112695e-11+2.403300048767871e-11j)
2025-02-19 13:49:46,122 - INFO - Upper_Coil - current: 0.02, voltage: (0.02522161795026426+0.03683926605619268j), flux: (5.863151293032035e-07-1.538459371833439e-10j)
2025-02-19 13:49:46,123 - INFO - Lower_Coil - current: -0.02, voltage: (-0.02522400917944986-0.03682724118603572j), flux: (-5.861237475506508e-07+1.919035316790084e-10j)
2025-02-19 13:49:46,126 - INFO - iteration 5/10
2025-02-19 13:49:46,126 - INFO - position: 0.0
2025-02-19 13:49:47,547 - INFO - Middle_Coil - current: 0, voltage: (1.258318082674801e-08-4.165064664174163e-06j), flux: (-6.628906296007032e-11-2.002675428396107e-13j)
2025-02-19 13:49:47,547 - INFO - Upper_Coil - current: 0.02, voltage: (0.02522278563719299+0.03682045270151169j), flux: (5.860157054638414e-07-1.724302518523941e-10j)
2025-02-19 13:49:47,548 - INFO - Lower_Coil - current: -0.02, voltage: (-0.02522273773048932-0.03683112995084558j), flux: (-5.861856391648515e-07+1.716677929833124e-10j)
2025-02-19 13:49:47,550 - INFO - iteration 6/10
2025-02-19 13:49:47,550 - INFO - position: 1.0
2025-02-19 13:49:48,447 - INFO - Middle_Coil - current: 0, voltage: (1.4857072520785e-06+2.615144430720193e-05j), flux: (4.162131630483594e-10-2.364576531557699e-11j)
2025-02-19 13:49:48,448 - INFO - Upper_Coil - current: 0.02, voltage: (0.02522405526405111+0.03682169890777286j), flux: (5.860355394524983e-07-1.926369908878461e-10j)
2025-02-19 13:49:48,448 - INFO - Lower_Coil - current: -0.02, voltage: (-0.02522162498413601-0.03682488208299798j), flux: (-5.860862012596778e-07+1.539578847297029e-10j)
2025-02-19 13:49:48,450 - INFO - iteration 7/10
2025-02-19 13:49:48,451 - INFO - position: 2.0
2025-02-19 13:49:49,194 - INFO - Middle_Coil - current: 0, voltage: (2.953143886885043e-06-2.39411556275535e-05j), flux: (-3.810353261457487e-10-4.700074472593676e-11j)
2025-02-19 13:49:49,195 - INFO - Upper_Coil - current: 0.02, voltage: (0.0252254000170125+0.03680393398104075j), flux: (5.857528018621902e-07-2.140393989913844e-10j)
2025-02-19 13:49:49,196 - INFO - Lower_Coil - current: -0.02, voltage: (-0.02522061259430142-0.03681781217118432j), flux: (-5.859736801184419e-07+1.378452000781483e-10j)
2025-02-19 13:49:49,198 - INFO - iteration 8/10
2025-02-19 13:49:49,198 - INFO - position: 3.0
2025-02-19 13:49:49,963 - INFO - Middle_Coil - current: 0, voltage: (4.190467273086898e-06+3.1409083631846e-06j), flux: (4.998910917995031e-11-6.669335803765951e-11j)
2025-02-19 13:49:49,965 - INFO - Upper_Coil - current: 0.02, voltage: (0.02522677189327822+0.03682215202416303j), flux: (5.86042751023828e-07-2.358734878915794e-10j)
2025-02-19 13:49:49,966 - INFO - Lower_Coil - current: -0.02, voltage: (-0.02521986459086617-0.03685655981221957j), flux: (-5.865903679788317e-07+1.259403556614957e-10j)
2025-02-19 13:49:49,969 - INFO - iteration 9/10
2025-02-19 13:49:49,970 - INFO - position: 4.0
2025-02-19 13:49:50,672 - INFO - Middle_Coil - current: 0, voltage: (5.344384411937512e-06+3.362857517643691e-05j), flux: (5.352153968467341e-10-8.505851969431272e-11j)
2025-02-19 13:49:50,672 - INFO - Upper_Coil - current: 0.02, voltage: (0.02522822825570342+0.03685574953518402j), flux: (5.865774720192851e-07-2.590522157821774e-10j)
2025-02-19 13:49:50,673 - INFO - Lower_Coil - current: -0.02, voltage: (-0.02521920704207111-0.03661920151704672j), flux: (-5.828126933827706e-07+1.154751415554066e-10j)
2025-02-19 13:49:50,674 - INFO - iteration 10/10
2025-02-19 13:49:50,674 - INFO - position: 5.0
2025-02-19 13:49:51,455 - INFO - Middle_Coil - current: 0, voltage: (6.132867760351195e-06-5.367748274854157e-05j), flux: (-8.543036712160327e-10-9.76076219388814e-11j)
2025-02-19 13:49:51,456 - INFO - Upper_Coil - current: 0.02, voltage: (0.025229414323341+0.03671461906228724j), flux: (5.843313107810427e-07-2.779290685180509e-10j)
2025-02-19 13:49:51,457 - INFO - Lower_Coil - current: -0.02, voltage: (-0.02521881900174998-0.03670887087269177j), flux: (-5.84239825502248e-07+1.092992880324801e-10j)
2025-02-19 13:52:07,019 - INFO - Simulation Program Started
2025-02-19 13:52:07,019 - INFO - =====================================
2025-02-19 13:52:07,020 - INFO - Welcome to FEMM SimulatorManager
2025-02-19 13:52:07,020 - INFO - Loaded configuration file
2025-02-19 13:52:07,022 - INFO - Configuration saved to ../data\lvdt_alucore_with_magnet_only.json
2025-02-19 13:52:07,296 - INFO - FEMM session opened
2025-02-19 13:52:07,296 - INFO - FEMM session initialized
2025-02-19 13:52:07,296 - INFO - AirModel created
2025-02-19 13:52:07,297 - INFO - CoilModels created
2025-02-19 13:52:07,297 - INFO - Created 1 CoreModels
2025-02-19 13:52:07,298 - INFO - All models created
2025-02-19 13:52:07,422 - INFO - iteration 0/10
2025-02-19 13:52:07,422 - INFO - position: -5.0
2025-02-19 13:52:08,169 - INFO - Middle_Coil - current: 0, voltage: (-6.196567590092885e-06+9.371257646967265e-06j), flux: (1.491481977502564e-10+9.862143621663162e-11j)
2025-02-19 13:52:08,170 - INFO - Upper_Coil - current: 0.02, voltage: (0.02521882995146457+0.03672606377881368j), flux: (5.845134591017904e-07-1.094735581529363e-10j)
2025-02-19 13:52:08,171 - INFO - Lower_Coil - current: -0.02, voltage: (-0.02522950288745082-0.03675972906415267j), flux: (-5.850492587590198e-07+2.793386101043576e-10j)
2025-02-19 13:52:08,174 - INFO - iteration 1/10
2025-02-19 13:52:08,174 - INFO - position: -4.0
2025-02-19 13:52:09,009 - INFO - Middle_Coil - current: 0, voltage: (-5.269097806288953e-06+2.504957838801278e-05j), flux: (3.986764222820145e-10+8.386029615055488e-11j)
2025-02-19 13:52:09,011 - INFO - Upper_Coil - current: 0.02, voltage: (0.02521928243109282+0.03682405506311179j), flux: (5.860730388293874e-07-1.166749951013701e-10j)
2025-02-19 13:52:09,013 - INFO - Lower_Coil - current: -0.02, voltage: (-0.0252281372890555-0.036802075269395j), flux: (-5.857232195475702e-07+2.576044366148934e-10j)
2025-02-19 13:52:09,016 - INFO - iteration 2/10
2025-02-19 13:52:09,017 - INFO - position: -3.0
2025-02-19 13:52:09,798 - INFO - Middle_Coil - current: 0, voltage: (-4.197425906288656e-06+2.6736997024954e-05j), flux: (4.255325239954729e-10+6.680410812478182e-11j)
2025-02-19 13:52:09,801 - INFO - Upper_Coil - current: 0.02, voltage: (0.02521987797535585+0.03686113155447987j), flux: (5.866631295167603e-07-1.261533764308132e-10j)
2025-02-19 13:52:09,802 - INFO - Lower_Coil - current: -0.02, voltage: (-0.02522678853807153-0.03678338774656242j), flux: (-5.854257983842746e-07+2.36138398005044e-10j)
2025-02-19 13:52:09,804 - INFO - iteration 3/10
2025-02-19 13:52:09,804 - INFO - position: -2.0
2025-02-19 13:52:10,493 - INFO - Middle_Coil - current: 0, voltage: (-2.923004877704179e-06+3.977538415177353e-05j), flux: (6.330449001133791e-10+4.652106749683411e-11j)
2025-02-19 13:52:10,496 - INFO - Upper_Coil - current: 0.02, voltage: (0.02522066400649484+0.03683876462787565j), flux: (5.863071488236774e-07-1.386634505496549e-10j)
2025-02-19 13:52:10,497 - INFO - Lower_Coil - current: -0.02, voltage: (-0.02522538889989414-0.03677117699828326j), flux: (-5.852314582895271e-07+2.138624645580601e-10j)
2025-02-19 13:52:10,500 - INFO - iteration 4/10
2025-02-19 13:52:10,501 - INFO - position: -1.0
2025-02-19 13:52:11,276 - INFO - Middle_Coil - current: 0, voltage: (-1.510037955516227e-06+2.548128408283922e-06j), flux: (4.055472318112695e-11+2.403300048767871e-11j)
2025-02-19 13:52:11,278 - INFO - Upper_Coil - current: 0.02, voltage: (0.02522161795026426+0.03683926605619268j), flux: (5.863151293032035e-07-1.538459371833439e-10j)
2025-02-19 13:52:11,280 - INFO - Lower_Coil - current: -0.02, voltage: (-0.02522400917944986-0.03682724118603572j), flux: (-5.861237475506508e-07+1.919035316790084e-10j)
2025-02-19 13:52:11,284 - INFO - iteration 5/10
2025-02-19 13:52:11,284 - INFO - position: 0.0
2025-02-19 13:52:13,882 - INFO - Middle_Coil - current: 0, voltage: (1.258318082674801e-08-4.165064664174163e-06j), flux: (-6.628906296007032e-11-2.002675428396107e-13j)
2025-02-19 13:52:13,884 - INFO - Upper_Coil - current: 0.02, voltage: (0.02522278563719299+0.03682045270151169j), flux: (5.860157054638414e-07-1.724302518523941e-10j)
2025-02-19 13:52:13,885 - INFO - Lower_Coil - current: -0.02, voltage: (-0.02522273773048932-0.03683112995084558j), flux: (-5.861856391648515e-07+1.716677929833124e-10j)
2025-02-19 13:52:13,889 - INFO - iteration 6/10
2025-02-19 13:52:13,889 - INFO - position: 1.0
2025-02-19 13:52:15,737 - INFO - Middle_Coil - current: 0, voltage: (1.4857072520785e-06+2.615144430720193e-05j), flux: (4.162131630483594e-10-2.364576531557699e-11j)
2025-02-19 13:52:15,739 - INFO - Upper_Coil - current: 0.02, voltage: (0.02522405526405111+0.03682169890777286j), flux: (5.860355394524983e-07-1.926369908878461e-10j)
2025-02-19 13:52:15,741 - INFO - Lower_Coil - current: -0.02, voltage: (-0.02522162498413601-0.03682488208299798j), flux: (-5.860862012596778e-07+1.539578847297029e-10j)
2025-02-19 13:52:15,746 - INFO - iteration 7/10
2025-02-19 13:52:15,746 - INFO - position: 2.0
2025-02-19 13:52:17,562 - INFO - Middle_Coil - current: 0, voltage: (2.953143886885043e-06-2.39411556275535e-05j), flux: (-3.810353261457487e-10-4.700074472593676e-11j)
2025-02-19 13:52:17,564 - INFO - Upper_Coil - current: 0.02, voltage: (0.0252254000170125+0.03680393398104075j), flux: (5.857528018621902e-07-2.140393989913844e-10j)
2025-02-19 13:52:17,567 - INFO - Lower_Coil - current: -0.02, voltage: (-0.02522061259430142-0.03681781217118432j), flux: (-5.859736801184419e-07+1.378452000781483e-10j)
2025-02-19 13:52:17,571 - INFO - iteration 8/10
2025-02-19 13:52:17,572 - INFO - position: 3.0
2025-02-19 13:52:19,206 - INFO - Middle_Coil - current: 0, voltage: (4.190467273086898e-06+3.1409083631846e-06j), flux: (4.998910917995031e-11-6.669335803765951e-11j)
2025-02-19 13:52:19,207 - INFO - Upper_Coil - current: 0.02, voltage: (0.02522677189327822+0.03682215202416303j), flux: (5.86042751023828e-07-2.358734878915794e-10j)
2025-02-19 13:52:19,208 - INFO - Lower_Coil - current: -0.02, voltage: (-0.02521986459086617-0.03685655981221957j), flux: (-5.865903679788317e-07+1.259403556614957e-10j)
2025-02-19 13:52:19,212 - INFO - iteration 9/10
2025-02-19 13:52:19,212 - INFO - position: 4.0
2025-02-19 13:52:20,608 - INFO - Middle_Coil - current: 0, voltage: (5.344384411937512e-06+3.362857517643691e-05j), flux: (5.352153968467341e-10-8.505851969431272e-11j)
2025-02-19 13:52:20,609 - INFO - Upper_Coil - current: 0.02, voltage: (0.02522822825570342+0.03685574953518402j), flux: (5.865774720192851e-07-2.590522157821774e-10j)
2025-02-19 13:52:20,610 - INFO - Lower_Coil - current: -0.02, voltage: (-0.02521920704207111-0.03661920151704672j), flux: (-5.828126933827706e-07+1.154751415554066e-10j)
2025-02-19 13:52:20,614 - INFO - iteration 10/10
2025-02-19 13:52:20,614 - INFO - position: 5.0
2025-02-19 13:52:22,256 - INFO - Middle_Coil - current: 0, voltage: (6.132867760351195e-06-5.367748274854157e-05j), flux: (-8.543036712160327e-10-9.76076219388814e-11j)
2025-02-19 13:52:22,257 - INFO - Upper_Coil - current: 0.02, voltage: (0.025229414323341+0.03671461906228724j), flux: (5.843313107810427e-07-2.779290685180509e-10j)
2025-02-19 13:52:22,259 - INFO - Lower_Coil - current: -0.02, voltage: (-0.02521881900174998-0.03670887087269177j), flux: (-5.84239825502248e-07+1.092992880324801e-10j)
2025-02-19 13:53:55,797 - INFO - Simulation Program Started
2025-02-19 13:53:55,798 - INFO - =====================================
2025-02-19 13:53:55,798 - INFO - Welcome to FEMM SimulatorManager
2025-02-19 13:53:55,799 - INFO - Loaded configuration file
2025-02-19 13:53:55,800 - INFO - Configuration saved to ../data\lvdt_alucore_with_magnet_only.json
2025-02-19 13:53:56,080 - INFO - FEMM session opened
2025-02-19 13:53:56,081 - INFO - FEMM session initialized
2025-02-19 13:53:56,081 - INFO - AirModel created
2025-02-19 13:53:56,081 - INFO - CoilModels created
2025-02-19 13:53:56,081 - INFO - Created 1 CoreModels
2025-02-19 13:53:56,081 - INFO - All models created
2025-02-19 13:53:56,210 - INFO - iteration 0/10
2025-02-19 13:53:56,210 - INFO - position: -5.0
2025-02-19 13:53:57,084 - INFO - Middle_Coil - current: 0, voltage: (-6.196567590092885e-06+9.371257646967265e-06j), flux: (1.491481977502564e-10+9.862143621663162e-11j)
2025-02-19 13:53:57,086 - INFO - Upper_Coil - current: 0.02, voltage: (0.02521882995146457+0.03672606377881368j), flux: (5.845134591017904e-07-1.094735581529363e-10j)
2025-02-19 13:53:57,087 - INFO - Lower_Coil - current: -0.02, voltage: (-0.02522950288745082-0.03675972906415267j), flux: (-5.850492587590198e-07+2.793386101043576e-10j)
2025-02-19 13:53:57,092 - INFO - iteration 1/10
2025-02-19 13:53:57,092 - INFO - position: -4.0
2025-02-19 13:53:58,631 - INFO - Middle_Coil - current: 0, voltage: (-5.269097806288953e-06+2.504957838801278e-05j), flux: (3.986764222820145e-10+8.386029615055488e-11j)
2025-02-19 13:53:58,632 - INFO - Upper_Coil - current: 0.02, voltage: (0.02521928243109282+0.03682405506311179j), flux: (5.860730388293874e-07-1.166749951013701e-10j)
2025-02-19 13:53:58,633 - INFO - Lower_Coil - current: -0.02, voltage: (-0.0252281372890555-0.036802075269395j), flux: (-5.857232195475702e-07+2.576044366148934e-10j)
2025-02-19 13:53:58,637 - INFO - iteration 2/10
2025-02-19 13:53:58,637 - INFO - position: -3.0
2025-02-19 13:54:00,355 - INFO - Middle_Coil - current: 0, voltage: (-4.197425906288656e-06+2.6736997024954e-05j), flux: (4.255325239954729e-10+6.680410812478182e-11j)
2025-02-19 13:54:00,357 - INFO - Upper_Coil - current: 0.02, voltage: (0.02521987797535585+0.03686113155447987j), flux: (5.866631295167603e-07-1.261533764308132e-10j)
2025-02-19 13:54:00,359 - INFO - Lower_Coil - current: -0.02, voltage: (-0.02522678853807153-0.03678338774656242j), flux: (-5.854257983842746e-07+2.36138398005044e-10j)
2025-02-19 13:54:00,365 - INFO - iteration 3/10
2025-02-19 13:54:00,367 - INFO - position: -2.0
2025-02-19 13:54:02,047 - INFO - Middle_Coil - current: 0, voltage: (-2.923004877704179e-06+3.977538415177353e-05j), flux: (6.330449001133791e-10+4.652106749683411e-11j)
2025-02-19 13:54:02,049 - INFO - Upper_Coil - current: 0.02, voltage: (0.02522066400649484+0.03683876462787565j), flux: (5.863071488236774e-07-1.386634505496549e-10j)
2025-02-19 13:54:02,052 - INFO - Lower_Coil - current: -0.02, voltage: (-0.02522538889989414-0.03677117699828326j), flux: (-5.852314582895271e-07+2.138624645580601e-10j)
2025-02-19 13:54:02,057 - INFO - iteration 4/10
2025-02-19 13:54:02,058 - INFO - position: -1.0
2025-02-19 13:54:03,854 - INFO - Middle_Coil - current: 0, voltage: (-1.510037955516227e-06+2.548128408283922e-06j), flux: (4.055472318112695e-11+2.403300048767871e-11j)
2025-02-19 13:54:03,858 - INFO - Upper_Coil - current: 0.02, voltage: (0.02522161795026426+0.03683926605619268j), flux: (5.863151293032035e-07-1.538459371833439e-10j)
2025-02-19 13:54:03,860 - INFO - Lower_Coil - current: -0.02, voltage: (-0.02522400917944986-0.03682724118603572j), flux: (-5.861237475506508e-07+1.919035316790084e-10j)
2025-02-19 13:54:03,865 - INFO - iteration 5/10
2025-02-19 13:54:03,865 - INFO - position: 0.0
2025-02-19 13:54:06,643 - INFO - Middle_Coil - current: 0, voltage: (1.258318082674801e-08-4.165064664174163e-06j), flux: (-6.628906296007032e-11-2.002675428396107e-13j)
2025-02-19 13:54:06,644 - INFO - Upper_Coil - current: 0.02, voltage: (0.02522278563719299+0.03682045270151169j), flux: (5.860157054638414e-07-1.724302518523941e-10j)
2025-02-19 13:54:06,645 - INFO - Lower_Coil - current: -0.02, voltage: (-0.02522273773048932-0.03683112995084558j), flux: (-5.861856391648515e-07+1.716677929833124e-10j)
2025-02-19 13:54:06,651 - INFO - iteration 6/10
2025-02-19 13:54:06,651 - INFO - position: 1.0
2025-02-19 13:54:08,250 - INFO - Middle_Coil - current: 0, voltage: (1.4857072520785e-06+2.615144430720193e-05j), flux: (4.162131630483594e-10-2.364576531557699e-11j)
2025-02-19 13:54:08,252 - INFO - Upper_Coil - current: 0.02, voltage: (0.02522405526405111+0.03682169890777286j), flux: (5.860355394524983e-07-1.926369908878461e-10j)
2025-02-19 13:54:08,253 - INFO - Lower_Coil - current: -0.02, voltage: (-0.02522162498413601-0.03682488208299798j), flux: (-5.860862012596778e-07+1.539578847297029e-10j)
2025-02-19 13:54:08,257 - INFO - iteration 7/10
2025-02-19 13:54:08,257 - INFO - position: 2.0
2025-02-19 13:54:09,511 - INFO - Middle_Coil - current: 0, voltage: (2.953143886885043e-06-2.39411556275535e-05j), flux: (-3.810353261457487e-10-4.700074472593676e-11j)
2025-02-19 13:54:09,512 - INFO - Upper_Coil - current: 0.02, voltage: (0.0252254000170125+0.03680393398104075j), flux: (5.857528018621902e-07-2.140393989913844e-10j)
2025-02-19 13:54:09,512 - INFO - Lower_Coil - current: -0.02, voltage: (-0.02522061259430142-0.03681781217118432j), flux: (-5.859736801184419e-07+1.378452000781483e-10j)
2025-02-19 13:54:09,517 - INFO - iteration 8/10
2025-02-19 13:54:09,517 - INFO - position: 3.0
2025-02-19 13:54:10,729 - INFO - Middle_Coil - current: 0, voltage: (4.190467273086898e-06+3.1409083631846e-06j), flux: (4.998910917995031e-11-6.669335803765951e-11j)
2025-02-19 13:54:10,730 - INFO - Upper_Coil - current: 0.02, voltage: (0.02522677189327822+0.03682215202416303j), flux: (5.86042751023828e-07-2.358734878915794e-10j)
2025-02-19 13:54:10,732 - INFO - Lower_Coil - current: -0.02, voltage: (-0.02521986459086617-0.03685655981221957j), flux: (-5.865903679788317e-07+1.259403556614957e-10j)
2025-02-19 13:54:10,736 - INFO - iteration 9/10
2025-02-19 13:54:10,736 - INFO - position: 4.0
2025-02-19 13:54:12,162 - INFO - Middle_Coil - current: 0, voltage: (5.344384411937512e-06+3.362857517643691e-05j), flux: (5.352153968467341e-10-8.505851969431272e-11j)
2025-02-19 13:54:12,163 - INFO - Upper_Coil - current: 0.02, voltage: (0.02522822825570342+0.03685574953518402j), flux: (5.865774720192851e-07-2.590522157821774e-10j)
2025-02-19 13:54:12,165 - INFO - Lower_Coil - current: -0.02, voltage: (-0.02521920704207111-0.03661920151704672j), flux: (-5.828126933827706e-07+1.154751415554066e-10j)
2025-02-19 13:54:12,169 - INFO - iteration 10/10
2025-02-19 13:54:12,169 - INFO - position: 5.0
2025-02-19 13:54:13,370 - INFO - Middle_Coil - current: 0, voltage: (6.132867760351195e-06-5.367748274854157e-05j), flux: (-8.543036712160327e-10-9.76076219388814e-11j)
2025-02-19 13:54:13,371 - INFO - Upper_Coil - current: 0.02, voltage: (0.025229414323341+0.03671461906228724j), flux: (5.843313107810427e-07-2.779290685180509e-10j)
2025-02-19 13:54:13,374 - INFO - Lower_Coil - current: -0.02, voltage: (-0.02521881900174998-0.03670887087269177j), flux: (-5.84239825502248e-07+1.092992880324801e-10j)
2025-02-19 13:54:13,404 - INFO - LVDT simulation results saved to ../data\lvdt_alucore_with_magnet_only.hdf5
2025-02-19 13:54:13,404 - INFO - Simulation completed
2025-02-19 13:54:13,404 - INFO - =====================================
2025-02-19 13:55:33,987 - INFO - Simulation Program Started
2025-02-19 13:55:33,987 - INFO - =====================================
2025-02-19 13:55:33,987 - INFO - Welcome to FEMM SimulatorManager
2025-02-19 13:55:33,988 - INFO - Loaded configuration file
2025-02-19 13:55:33,990 - INFO - Configuration saved to ../data\lvdt_alucore_with_magnet_only.json
2025-02-19 13:55:34,307 - INFO - FEMM session opened
2025-02-19 13:55:34,307 - INFO - FEMM session initialized
2025-02-19 13:55:34,307 - INFO - AirModel created
2025-02-19 13:55:34,307 - INFO - CoilModels created
2025-02-19 13:55:34,307 - INFO - Created 1 CoreModels
2025-02-19 13:55:34,308 - INFO - All models created
2025-02-19 13:55:34,420 - INFO - iteration 0/10
2025-02-19 13:55:34,420 - INFO - position: -5.0
2025-02-19 13:55:35,242 - INFO - Middle_Coil - current: 0, voltage: (-6.196567590092885e-06+9.371257646967265e-06j), flux: (1.491481977502564e-10+9.862143621663162e-11j)
2025-02-19 13:55:35,243 - INFO - Upper_Coil - current: 0.02, voltage: (0.02521882995146457+0.03672606377881368j), flux: (5.845134591017904e-07-1.094735581529363e-10j)
2025-02-19 13:55:35,245 - INFO - Lower_Coil - current: -0.02, voltage: (-0.02522950288745082-0.03675972906415267j), flux: (-5.850492587590198e-07+2.793386101043576e-10j)
2025-02-19 13:55:35,250 - INFO - iteration 1/10
2025-02-19 13:55:35,250 - INFO - position: -4.0
2025-02-19 13:55:36,541 - INFO - Middle_Coil - current: 0, voltage: (-5.269097806288953e-06+2.504957838801278e-05j), flux: (3.986764222820145e-10+8.386029615055488e-11j)
2025-02-19 13:55:36,543 - INFO - Upper_Coil - current: 0.02, voltage: (0.02521928243109282+0.03682405506311179j), flux: (5.860730388293874e-07-1.166749951013701e-10j)
2025-02-19 13:55:36,545 - INFO - Lower_Coil - current: -0.02, voltage: (-0.0252281372890555-0.036802075269395j), flux: (-5.857232195475702e-07+2.576044366148934e-10j)
2025-02-19 13:55:36,551 - INFO - iteration 2/10
2025-02-19 13:55:36,552 - INFO - position: -3.0
2025-02-19 13:55:38,067 - INFO - Middle_Coil - current: 0, voltage: (-4.197425906288656e-06+2.6736997024954e-05j), flux: (4.255325239954729e-10+6.680410812478182e-11j)
2025-02-19 13:55:38,068 - INFO - Upper_Coil - current: 0.02, voltage: (0.02521987797535585+0.03686113155447987j), flux: (5.866631295167603e-07-1.261533764308132e-10j)
2025-02-19 13:55:38,069 - INFO - Lower_Coil - current: -0.02, voltage: (-0.02522678853807153-0.03678338774656242j), flux: (-5.854257983842746e-07+2.36138398005044e-10j)
2025-02-19 13:55:38,073 - INFO - iteration 3/10
2025-02-19 13:55:38,073 - INFO - position: -2.0
2025-02-19 13:55:39,482 - INFO - Middle_Coil - current: 0, voltage: (-2.923004877704179e-06+3.977538415177353e-05j), flux: (6.330449001133791e-10+4.652106749683411e-11j)
2025-02-19 13:55:39,482 - INFO - Upper_Coil - current: 0.02, voltage: (0.02522066400649484+0.03683876462787565j), flux: (5.863071488236774e-07-1.386634505496549e-10j)
2025-02-19 13:55:39,484 - INFO - Lower_Coil - current: -0.02, voltage: (-0.02522538889989414-0.03677117699828326j), flux: (-5.852314582895271e-07+2.138624645580601e-10j)
2025-02-19 13:55:39,487 - INFO - iteration 4/10
2025-02-19 13:55:39,487 - INFO - position: -1.0
2025-02-19 13:55:40,737 - INFO - Middle_Coil - current: 0, voltage: (-1.510037955516227e-06+2.548128408283922e-06j), flux: (4.055472318112695e-11+2.403300048767871e-11j)
2025-02-19 13:55:40,738 - INFO - Upper_Coil - current: 0.02, voltage: (0.02522161795026426+0.03683926605619268j), flux: (5.863151293032035e-07-1.538459371833439e-10j)
2025-02-19 13:55:40,739 - INFO - Lower_Coil - current: -0.02, voltage: (-0.02522400917944986-0.03682724118603572j), flux: (-5.861237475506508e-07+1.919035316790084e-10j)
2025-02-19 13:55:40,743 - INFO - iteration 5/10
2025-02-19 13:55:40,743 - INFO - position: 0.0
2025-02-19 13:55:43,323 - INFO - Middle_Coil - current: 0, voltage: (1.258318082674801e-08-4.165064664174163e-06j), flux: (-6.628906296007032e-11-2.002675428396107e-13j)
2025-02-19 13:55:43,325 - INFO - Upper_Coil - current: 0.02, voltage: (0.02522278563719299+0.03682045270151169j), flux: (5.860157054638414e-07-1.724302518523941e-10j)
2025-02-19 13:55:43,326 - INFO - Lower_Coil - current: -0.02, voltage: (-0.02522273773048932-0.03683112995084558j), flux: (-5.861856391648515e-07+1.716677929833124e-10j)
2025-02-19 13:55:43,329 - INFO - iteration 6/10
2025-02-19 13:55:43,329 - INFO - position: 1.0
2025-02-19 13:55:44,872 - INFO - Middle_Coil - current: 0, voltage: (1.4857072520785e-06+2.615144430720193e-05j), flux: (4.162131630483594e-10-2.364576531557699e-11j)
2025-02-19 13:55:44,874 - INFO - Upper_Coil - current: 0.02, voltage: (0.02522405526405111+0.03682169890777286j), flux: (5.860355394524983e-07-1.926369908878461e-10j)
2025-02-19 13:55:44,875 - INFO - Lower_Coil - current: -0.02, voltage: (-0.02522162498413601-0.03682488208299798j), flux: (-5.860862012596778e-07+1.539578847297029e-10j)
2025-02-19 13:55:44,880 - INFO - iteration 7/10
2025-02-19 13:55:44,881 - INFO - position: 2.0
2025-02-19 13:55:46,280 - INFO - Middle_Coil - current: 0, voltage: (2.953143886885043e-06-2.39411556275535e-05j), flux: (-3.810353261457487e-10-4.700074472593676e-11j)
2025-02-19 13:55:46,281 - INFO - Upper_Coil - current: 0.02, voltage: (0.0252254000170125+0.03680393398104075j), flux: (5.857528018621902e-07-2.140393989913844e-10j)
2025-02-19 13:55:46,282 - INFO - Lower_Coil - current: -0.02, voltage: (-0.02522061259430142-0.03681781217118432j), flux: (-5.859736801184419e-07+1.378452000781483e-10j)
2025-02-19 13:55:46,288 - INFO - iteration 8/10
2025-02-19 13:55:46,288 - INFO - position: 3.0
2025-02-19 13:55:47,786 - INFO - Middle_Coil - current: 0, voltage: (4.190467273086898e-06+3.1409083631846e-06j), flux: (4.998910917995031e-11-6.669335803765951e-11j)
2025-02-19 13:55:47,787 - INFO - Upper_Coil - current: 0.02, voltage: (0.02522677189327822+0.03682215202416303j), flux: (5.86042751023828e-07-2.358734878915794e-10j)
2025-02-19 13:55:47,789 - INFO - Lower_Coil - current: -0.02, voltage: (-0.02521986459086617-0.03685655981221957j), flux: (-5.865903679788317e-07+1.259403556614957e-10j)
2025-02-19 13:55:47,794 - INFO - iteration 9/10
2025-02-19 13:55:47,794 - INFO - position: 4.0
2025-02-19 13:55:49,236 - INFO - Middle_Coil - current: 0, voltage: (5.344384411937512e-06+3.362857517643691e-05j), flux: (5.352153968467341e-10-8.505851969431272e-11j)
2025-02-19 13:55:49,237 - INFO - Upper_Coil - current: 0.02, voltage: (0.02522822825570342+0.03685574953518402j), flux: (5.865774720192851e-07-2.590522157821774e-10j)
2025-02-19 13:55:49,239 - INFO - Lower_Coil - current: -0.02, voltage: (-0.02521920704207111-0.03661920151704672j), flux: (-5.828126933827706e-07+1.154751415554066e-10j)
2025-02-19 13:55:49,245 - INFO - iteration 10/10
2025-02-19 13:55:49,245 - INFO - position: 5.0
2025-02-19 13:55:50,714 - INFO - Middle_Coil - current: 0, voltage: (6.132867760351195e-06-5.367748274854157e-05j), flux: (-8.543036712160327e-10-9.76076219388814e-11j)
2025-02-19 13:55:50,715 - INFO - Upper_Coil - current: 0.02, voltage: (0.025229414323341+0.03671461906228724j), flux: (5.843313107810427e-07-2.779290685180509e-10j)
2025-02-19 13:55:50,716 - INFO - Lower_Coil - current: -0.02, voltage: (-0.02521881900174998-0.03670887087269177j), flux: (-5.84239825502248e-07+1.092992880324801e-10j)
2025-02-19 13:55:50,731 - INFO - LVDT simulation results saved to ../data\lvdt_alucore_with_magnet_only.hdf5
2025-02-19 13:55:50,731 - INFO - Simulation completed
2025-02-19 13:55:50,731 - INFO - =====================================
2025-02-19 14:13:39,097 - INFO - Simulation Program Started
2025-02-19 14:13:39,097 - INFO - =====================================
2025-02-19 14:13:39,098 - INFO - Welcome to FEMM SimulatorManager
2025-02-19 14:13:39,109 - INFO - Loaded configuration file
2025-02-19 14:13:39,447 - INFO - FEMM session opened
2025-02-19 14:13:39,448 - INFO - FEMM session initialized
2025-02-19 14:13:39,448 - INFO - AirModel created
2025-02-19 14:13:39,448 - INFO - CoilModels created
2025-02-19 14:13:39,448 - INFO - Created 1 CoreModels
2025-02-19 14:13:39,448 - INFO - Created 1 ShellModels
2025-02-19 14:13:39,449 - INFO - All models created
2025-02-19 14:13:39,450 - INFO - Configuration saved to ../data\lvdt_alucore_with_magnet_only.json
2025-02-19 14:13:39,597 - INFO - iteration 0/10
2025-02-19 14:13:39,598 - INFO - position: -5.0
2025-02-19 14:13:40,767 - INFO - Middle_Coil - current: 0, voltage: (-0.0001210688551981371+0.0007080338326702799j), flux: (1.126870843457749e-08+1.926870675926043e-09j)
2025-02-19 14:13:40,768 - INFO - Upper_Coil - current: 0.02, voltage: (0.02519101176870472+0.03691068188711632j), flux: (5.874517475538533e-07+3.332665712534613e-10j)
2025-02-19 14:13:40,770 - INFO - Lower_Coil - current: -0.02, voltage: (-0.02549695175239-0.03557834171229742j), flux: (-5.662468950836189e-07+4.535919498042714e-09j)
2025-02-19 14:13:40,775 - INFO - iteration 1/10
2025-02-19 14:13:40,775 - INFO - position: -4.0
2025-02-19 14:13:42,051 - INFO - Middle_Coil - current: 0, voltage: (-9.636500859112331e-05+0.0006175713491282064j), flux: (9.828953292568472e-09+1.533696745837024e-09j)
2025-02-19 14:13:42,059 - INFO - Upper_Coil - current: 0.02, voltage: (0.02521681640221928+0.03689284136210889j), flux: (5.871678067796252e-07-7.742692659821921e-11j)
2025-02-19 14:13:42,062 - INFO - Lower_Coil - current: -0.02, voltage: (-0.02547616991149817-0.03561497904230895j), flux: (-5.668299963009219e-07+4.20516622759471e-09j)
2025-02-19 14:13:42,068 - INFO - iteration 2/10
2025-02-19 14:13:42,068 - INFO - position: -3.0
2025-02-19 14:13:43,778 - INFO - Middle_Coil - current: 0, voltage: (-7.25981263181965e-05+0.0004749467103139353j), flux: (7.559011665169728e-09+1.155435066275079e-09j)
2025-02-19 14:13:43,780 - INFO - Upper_Coil - current: 0.02, voltage: (0.02524644171704757+0.03682181307376717j), flux: (5.860373564607299e-07-5.489284561557452e-10j)
2025-02-19 14:13:43,783 - INFO - Lower_Coil - current: -0.02, voltage: (-0.0254537850884288-0.03591687773939573j), flux: (-5.716348632963583e-07+3.848900703421983e-09j)
2025-02-19 14:13:43,791 - INFO - iteration 3/10
2025-02-19 14:13:43,791 - INFO - position: -2.0
2025-02-19 14:13:46,059 - INFO - Middle_Coil - current: 0, voltage: (-4.71811914960656e-05+0.0003468046489209284j), flux: (5.519567416301511e-09+7.509119847564136e-10j)
2025-02-19 14:13:46,060 - INFO - Upper_Coil - current: 0.02, voltage: (0.02528166848089501+0.03662404260545115j), flux: (5.828897416977206e-07-1.109579815700517e-09j)
2025-02-19 14:13:46,062 - INFO - Lower_Coil - current: -0.02, voltage: (-0.0254227501258763-0.03601946458509064j), flux: (-5.732675836552124e-07+3.354963933531884e-09j)
2025-02-19 14:13:46,067 - INFO - iteration 4/10
2025-02-19 14:13:46,067 - INFO - position: -1.0
2025-02-19 14:13:48,100 - INFO - Middle_Coil - current: 0, voltage: (-2.40054642573442e-05+0.0001613180082433139j), flux: (2.567455842166252e-09+3.820588297772144e-10j)
2025-02-19 14:13:48,102 - INFO - Upper_Coil - current: 0.02, voltage: (0.02531774638018889+0.03648385054228382j), flux: (5.806585157141877e-07-1.683777416599904e-09j)
2025-02-19 14:13:48,105 - INFO - Lower_Coil - current: -0.02, voltage: (-0.02539160567466377-0.03629344557310869j), flux: (-5.776281265108404e-07+2.859284597495371e-09j)
2025-02-19 14:13:48,110 - INFO - iteration 5/10
2025-02-19 14:13:48,110 - INFO - position: 0.0
2025-02-19 14:13:51,422 - INFO - Middle_Coil - current: 0, voltage: (6.504834096650026e-07+2.69960168435424e-05j), flux: (4.296549524441839e-10-1.035276500474555e-11j)
2025-02-19 14:13:51,422 - INFO - Upper_Coil - current: 0.02, voltage: (0.02535584725588342+0.03637712170911462j), flux: (5.789598735772569e-07-2.290171686891648e-09j)
2025-02-19 14:13:51,423 - INFO - Lower_Coil - current: -0.02, voltage: (-0.02535400710686352-0.03638001584094817j), flux: (-5.790059351159845e-07+2.260884805637181e-09j)
2025-02-19 14:13:51,427 - INFO - iteration 6/10
2025-02-19 14:13:51,427 - INFO - position: 1.0
2025-02-19 14:13:53,358 - INFO - Middle_Coil - current: 0, voltage: (2.46227404097546e-05-0.000126343433163198j), flux: (-2.010818191512346e-09-3.918830848681006e-10j)
2025-02-19 14:13:53,360 - INFO - Upper_Coil - current: 0.02, voltage: (0.02539336591358033+0.03625583896152871j), flux: (5.770295986982502e-07-2.887299669955307e-09j)
2025-02-19 14:13:53,361 - INFO - Lower_Coil - current: -0.02, voltage: (-0.02531748753452665-0.03659018027615589j), flux: (-5.823508059885269e-07+1.679657759935538e-09j)
2025-02-19 14:13:53,365 - INFO - iteration 7/10
2025-02-19 14:13:53,365 - INFO - position: 2.0
2025-02-19 14:13:55,230 - INFO - Middle_Coil - current: 0, voltage: (4.94707440075115e-05-0.0002705785789909393j), flux: (-4.306391834118886e-09-7.873513447229216e-10j)
2025-02-19 14:13:55,231 - INFO - Upper_Coil - current: 0.02, voltage: (0.0254273001339614+0.03608898017880233j), flux: (5.74373958691331e-07-3.427379561316908e-09j)
2025-02-19 14:13:55,232 - INFO - Lower_Coil - current: -0.02, voltage: (-0.02528010014962061-0.03667449243455324j), flux: (-5.836926756656966e-07+1.084619048228043e-09j)
2025-02-19 14:13:55,237 - INFO - iteration 8/10
2025-02-19 14:13:55,237 - INFO - position: 3.0
2025-02-19 14:13:57,102 - INFO - Middle_Coil - current: 0, voltage: (7.562160243753389e-05-0.0003797529274843349j), flux: (-6.043955556274997e-09-1.203555183246364e-09j)
2025-02-19 14:13:57,104 - INFO - Upper_Coil - current: 0.02, voltage: (0.02545671759418478+0.03594180807385893j), flux: (5.720316418926329e-07-3.895572982092936e-09j)
2025-02-19 14:13:57,105 - INFO - Lower_Coil - current: -0.02, voltage: (-0.02524395829681669-0.03663244848930276j), flux: (-5.830235254943264e-07+5.094035956038016e-10j)
2025-02-19 14:13:57,110 - INFO - iteration 9/10
2025-02-19 14:13:57,111 - INFO - position: 4.0
2025-02-19 14:13:58,765 - INFO - Middle_Coil - current: 0, voltage: (9.732337878109302e-05-0.0005567598746452435j), flux: (-8.861108616501451e-09-1.548949681141583e-09j)
2025-02-19 14:13:58,766 - INFO - Upper_Coil - current: 0.02, voltage: (0.02547672981338259+0.03574119664224577j), flux: (5.688388117944355e-07-4.214077342849831e-09j)
2025-02-19 14:13:58,768 - INFO - Lower_Coil - current: -0.02, voltage: (-0.02521622286588311-0.03683975177551294j), flux: (-5.863228597662801e-07+6.798050241783201e-11j)
2025-02-19 14:13:58,772 - INFO - iteration 10/10
2025-02-19 14:13:58,772 - INFO - position: 5.0
2025-02-19 14:14:00,511 - INFO - Middle_Coil - current: 0, voltage: (0.0001216961786091922-0.0006525966066299348j), flux: (-1.038639757901513e-08-1.936854838104712e-09j)
2025-02-19 14:14:00,512 - INFO - Upper_Coil - current: 0.02, voltage: (0.02549669664300193+0.03564152400165979j), flux: (5.672524724504066e-07-4.531859306029333e-09j)
2025-02-19 14:14:00,514 - INFO - Lower_Coil - current: -0.02, voltage: (-0.0251903724698072-0.03691897427982331j), flux: (-5.875837250827916e-07-3.434413292187718e-10j)
2025-02-19 14:14:00,540 - INFO - LVDT simulation results saved to ../data\lvdt_alucore_with_magnet_only.hdf5
2025-02-19 14:14:00,540 - INFO - Simulation completed
2025-02-19 14:14:00,540 - INFO - =====================================
2025-02-19 14:29:09,862 - INFO - Simulation Program Started
2025-02-19 14:29:09,863 - INFO - =====================================
2025-02-19 14:29:09,863 - INFO - Welcome to FEMM SimulatorManager
2025-02-19 14:29:09,864 - INFO - Loaded configuration file
2025-02-19 14:29:10,169 - INFO - FEMM session opened
2025-02-19 14:29:10,169 - INFO - FEMM session initialized
2025-02-19 14:29:10,169 - INFO - AirModel created
2025-02-19 14:29:10,170 - INFO - CoilModels created
2025-02-19 14:29:10,170 - INFO - Created 1 CoreModels
2025-02-19 14:29:10,170 - INFO - Created 1 ShellModels
2025-02-19 14:29:10,170 - INFO - All models created
2025-02-19 14:29:10,172 - INFO - Configuration saved to ../data\lvdt_alushell_magnet.json
2025-02-19 14:29:10,334 - INFO - iteration 0/10
2025-02-19 14:29:10,336 - INFO - position: -5.0
2025-02-19 14:29:12,345 - INFO - Middle_Coil - current: 0, voltage: (-0.0001210688551981371+0.0007080338326702799j), flux: (1.126870843457749e-08+1.926870675926043e-09j)
2025-02-19 14:29:12,349 - INFO - Upper_Coil - current: 0.02, voltage: (0.02519101176870472+0.03691068188711632j), flux: (5.874517475538533e-07+3.332665712534613e-10j)
2025-02-19 14:29:12,352 - INFO - Lower_Coil - current: -0.02, voltage: (-0.02549695175239-0.03557834171229742j), flux: (-5.662468950836189e-07+4.535919498042714e-09j)
2025-02-19 14:29:12,358 - INFO - iteration 1/10
2025-02-19 14:29:12,359 - INFO - position: -4.0
2025-02-19 14:29:15,267 - INFO - Middle_Coil - current: 0, voltage: (-9.636500859112331e-05+0.0006175713491282064j), flux: (9.828953292568472e-09+1.533696745837024e-09j)
2025-02-19 14:29:15,298 - INFO - Upper_Coil - current: 0.02, voltage: (0.02521681640221928+0.03689284136210889j), flux: (5.871678067796252e-07-7.742692659821921e-11j)
2025-02-19 14:29:15,315 - INFO - Lower_Coil - current: -0.02, voltage: (-0.02547616991149817-0.03561497904230895j), flux: (-5.668299963009219e-07+4.20516622759471e-09j)
2025-02-19 14:29:15,340 - INFO - iteration 2/10
2025-02-19 14:29:15,340 - INFO - position: -3.0
2025-02-19 14:29:18,086 - INFO - Middle_Coil - current: 0, voltage: (-7.25981263181965e-05+0.0004749467103139353j), flux: (7.559011665169728e-09+1.155435066275079e-09j)
2025-02-19 14:29:18,088 - INFO - Upper_Coil - current: 0.02, voltage: (0.02524644171704757+0.03682181307376717j), flux: (5.860373564607299e-07-5.489284561557452e-10j)
2025-02-19 14:29:18,090 - INFO - Lower_Coil - current: -0.02, voltage: (-0.0254537850884288-0.03591687773939573j), flux: (-5.716348632963583e-07+3.848900703421983e-09j)
2025-02-19 14:29:18,095 - INFO - iteration 3/10
2025-02-19 14:29:18,095 - INFO - position: -2.0
2025-02-19 14:29:20,071 - INFO - Middle_Coil - current: 0, voltage: (-4.71811914960656e-05+0.0003468046489209284j), flux: (5.519567416301511e-09+7.509119847564136e-10j)
2025-02-19 14:29:20,074 - INFO - Upper_Coil - current: 0.02, voltage: (0.02528166848089501+0.03662404260545115j), flux: (5.828897416977206e-07-1.109579815700517e-09j)
2025-02-19 14:29:20,076 - INFO - Lower_Coil - current: -0.02, voltage: (-0.0254227501258763-0.03601946458509064j), flux: (-5.732675836552124e-07+3.354963933531884e-09j)
2025-02-19 14:29:20,080 - INFO - iteration 4/10
2025-02-19 14:29:20,080 - INFO - position: -1.0
2025-02-19 14:29:22,037 - INFO - Middle_Coil - current: 0, voltage: (-2.40054642573442e-05+0.0001613180082433139j), flux: (2.567455842166252e-09+3.820588297772144e-10j)
2025-02-19 14:29:22,040 - INFO - Upper_Coil - current: 0.02, voltage: (0.02531774638018889+0.03648385054228382j), flux: (5.806585157141877e-07-1.683777416599904e-09j)
2025-02-19 14:29:22,041 - INFO - Lower_Coil - current: -0.02, voltage: (-0.02539160567466377-0.03629344557310869j), flux: (-5.776281265108404e-07+2.859284597495371e-09j)
2025-02-19 14:29:22,047 - INFO - iteration 5/10
2025-02-19 14:29:22,047 - INFO - position: 0.0
2025-02-19 14:29:25,470 - INFO - Middle_Coil - current: 0, voltage: (6.504834096650026e-07+2.69960168435424e-05j), flux: (4.296549524441839e-10-1.035276500474555e-11j)
2025-02-19 14:29:25,471 - INFO - Upper_Coil - current: 0.02, voltage: (0.02535584725588342+0.03637712170911462j), flux: (5.789598735772569e-07-2.290171686891648e-09j)
2025-02-19 14:29:25,472 - INFO - Lower_Coil - current: -0.02, voltage: (-0.02535400710686352-0.03638001584094817j), flux: (-5.790059351159845e-07+2.260884805637181e-09j)
2025-02-19 14:29:25,475 - INFO - iteration 6/10
2025-02-19 14:29:25,475 - INFO - position: 1.0
2025-02-19 14:29:27,362 - INFO - Middle_Coil - current: 0, voltage: (2.46227404097546e-05-0.000126343433163198j), flux: (-2.010818191512346e-09-3.918830848681006e-10j)
2025-02-19 14:29:27,364 - INFO - Upper_Coil - current: 0.02, voltage: (0.02539336591358033+0.03625583896152871j), flux: (5.770295986982502e-07-2.887299669955307e-09j)
2025-02-19 14:29:27,365 - INFO - Lower_Coil - current: -0.02, voltage: (-0.02531748753452665-0.03659018027615589j), flux: (-5.823508059885269e-07+1.679657759935538e-09j)
2025-02-19 14:29:27,369 - INFO - iteration 7/10
2025-02-19 14:29:27,370 - INFO - position: 2.0
2025-02-19 14:29:28,947 - INFO - Middle_Coil - current: 0, voltage: (4.94707440075115e-05-0.0002705785789909393j), flux: (-4.306391834118886e-09-7.873513447229216e-10j)
2025-02-19 14:29:28,948 - INFO - Upper_Coil - current: 0.02, voltage: (0.0254273001339614+0.03608898017880233j), flux: (5.74373958691331e-07-3.427379561316908e-09j)
2025-02-19 14:29:28,950 - INFO - Lower_Coil - current: -0.02, voltage: (-0.02528010014962061-0.03667449243455324j), flux: (-5.836926756656966e-07+1.084619048228043e-09j)
2025-02-19 14:29:28,956 - INFO - iteration 8/10
2025-02-19 14:29:28,956 - INFO - position: 3.0
2025-02-19 14:29:30,581 - INFO - Middle_Coil - current: 0, voltage: (7.562160243753389e-05-0.0003797529274843349j), flux: (-6.043955556274997e-09-1.203555183246364e-09j)
2025-02-19 14:29:30,582 - INFO - Upper_Coil - current: 0.02, voltage: (0.02545671759418478+0.03594180807385893j), flux: (5.720316418926329e-07-3.895572982092936e-09j)
2025-02-19 14:29:30,583 - INFO - Lower_Coil - current: -0.02, voltage: (-0.02524395829681669-0.03663244848930276j), flux: (-5.830235254943264e-07+5.094035956038016e-10j)
2025-02-19 14:29:30,588 - INFO - iteration 9/10
2025-02-19 14:29:30,588 - INFO - position: 4.0
2025-02-19 14:29:32,298 - INFO - Middle_Coil - current: 0, voltage: (9.732337878109302e-05-0.0005567598746452435j), flux: (-8.861108616501451e-09-1.548949681141583e-09j)
2025-02-19 14:29:32,299 - INFO - Upper_Coil - current: 0.02, voltage: (0.02547672981338259+0.03574119664224577j), flux: (5.688388117944355e-07-4.214077342849831e-09j)
2025-02-19 14:29:32,300 - INFO - Lower_Coil - current: -0.02, voltage: (-0.02521622286588311-0.03683975177551294j), flux: (-5.863228597662801e-07+6.798050241783201e-11j)
2025-02-19 14:29:32,308 - INFO - iteration 10/10
2025-02-19 14:29:32,308 - INFO - position: 5.0
2025-02-19 14:29:33,938 - INFO - Middle_Coil - current: 0, voltage: (0.0001216961786091922-0.0006525966066299348j), flux: (-1.038639757901513e-08-1.936854838104712e-09j)
2025-02-19 14:29:33,939 - INFO - Upper_Coil - current: 0.02, voltage: (0.02549669664300193+0.03564152400165979j), flux: (5.672524724504066e-07-4.531859306029333e-09j)
2025-02-19 14:29:33,942 - INFO - Lower_Coil - current: -0.02, voltage: (-0.0251903724698072-0.03691897427982331j), flux: (-5.875837250827916e-07-3.434413292187718e-10j)
2025-02-19 14:29:33,956 - INFO - LVDT simulation results saved to ../data\lvdt_alushell_magnet.hdf5
2025-02-19 14:29:33,956 - INFO - Simulation completed
2025-02-19 14:29:33,956 - INFO - =====================================
